Fault 2021-12-27 10:19:45,,,,,,,,,,,,,,,,,,,,,
,Fault Number,Building Trade,Trade Category,Type of Fault,Impact,Location,Cancel Status,Reported Date,Fault Acknowledged Date,Responded on Site Date,RA Conducted Date,Work Started Date,Work Completed Date,Action(s) Taken,Other Trades Required Date,Cost Cap Exceed Date,Assistance Requested Date,Fault Reference,End User Priority,Incident Report,Remarks
,FID4991,Mechanical,Air Handling Unit,Other: Hygrometer,Localised to room,RMG > RH > 7 > Angio Technical / Store Rm,,2021-12-27 10:04:03,,,,,,,,,,,,,Need to replace hygrometer battery-Aru-low
,FID4988,Mechanical,AHU / FCU / CU,Too hot / Too cold,Localised to room,RMG > RH > 10 > Nursing Stn C,,2021-12-27 09:59:15,2021-12-27 10:16:41,2021-12-27 10:17:01,2021-12-27 10:17:20,2021-12-27 10:17:40,2021-12-27 10:19:16,Adjusted VAV 2-1-22 temperature setpoint from 24c to 22c and damper position from 90% manual to 100% manual in bms system make it cool,,,,,,,Aircon make it cool-su-low
,FID4987,Plumbing & Sanitary,Shower Fittings,Damaged / Loose / Cracked,Localised to room,RMG > RH > 7 > OT Male Channing Rm,,2021-12-27 09:48:12,2021-12-27 09:51:41,2021-12-27 09:52:01,2021-12-27 09:52:20,2021-12-27 09:52:38,,,,,,,,,Shower head faulty-Hossain-low
,FID4983,Electrical,Light Bulb,Flickering / Blown,Localised to room,RMG > RH > 11 > Facilities Dept.,,2021-12-27 09:44:59,2021-12-27 09:49:25,2021-12-27 09:49:59,2021-12-27 09:50:21,2021-12-27 09:51:00,2021-12-27 10:05:33,Replaced new bulb,,,,,,,Light flickering -mani-low
,FID4979,Medical Equipment,Medical Gas,Change Cylinders,Localised to room,RMG > RH > 7 > OT,,2021-12-27 08:59:35,2021-12-27 09:03:32,2021-12-27 09:34:12,2021-12-27 09:34:44,2021-12-27 09:35:21,2021-12-27 09:36:27,replaced co2 big 2,,,,,,,Need to replace 2 big CO2 cylinder-v.bala-medium
,FID4978,Electrical,Queue System,Unserviceable,More than 1 room,RMG > RH > 2 > RM@RH Counter,,2021-12-27 08:58:03,2021-12-27 08:58:59,2021-12-27 08:59:25,2021-12-27 08:59:47,2021-12-27 09:03:34,2021-12-27 09:14:27,reset back to mormal,,,,,,,Queue system not working-A.Bala-low
,FID4974,Plumbing & Sanitary,WC / Squatting Pedestal,Choked,More than 1 room,RMG > RH > 10 > Ward 1067,,2021-12-26 23:58:31,2021-12-27 00:02:31,2021-12-27 00:02:54,2021-12-27 00:03:18,2021-12-27 00:03:43,2021-12-27 00:04:18,Toilet bowl choke cleared,,,,,,,Toilet choke-v.bala-low
,FID4964,Mechanical,BMS / BAS,Too hot / Too cold,Localised to room,RMG > RH > 10 > Nursing Stn B,,2021-12-26 13:53:54,2021-12-26 13:54:53,2021-12-26 13:55:24,2021-12-26 13:55:50,2021-12-26 13:57:00,2021-12-26 13:57:36,adjusted the setpoint to 22 degrees,,,,,,,Aircon make cool-satha-low
,FID4962,Mechanical,BMS / BAS,Too hot / Too cold,Localised to room,RMG > RH > 10 > Nursing Stn D,,2021-12-26 12:18:38,2021-12-26 12:21:00,2021-12-26 12:21:39,2021-12-26 12:22:00,2021-12-26 12:23:51,2021-12-26 12:24:26,change the setting to auto,,,,,,,Aircon make cool-satha-low
,FID4961,Plumbing & Sanitary,Bidet spray / Hose,Leaking,Localised to room,RMG > RH > 8 > Delivery Suite 6,,2021-12-26 12:17:06,,,,,,,,,,,,,Toilet spray leaking-ming cai-low
,FID4956,Mechanical,AHU / FCU / CU,Too hot / Too cold,Localised to room,RMG > RH > 13 > Ward 1328-1336,,2021-12-26 07:21:25,2021-12-26 07:21:48,2021-12-26 07:22:10,2021-12-26 07:22:36,2021-12-26 07:22:58,2021-12-26 07:29:44,adjusted the temperature setpoint 20c to 24c and manually in pms the system make it warm,,,,,,,Aircon make it warm-mani-low
,FID4954,Mechanical,AHU / FCU / CU,Too hot / Too cold,Localised to room,RMG > RH > 13 > Ward 1358-1363,,2021-12-25 23:12:19,,,,,,,,,,,,,Aircon make it cool -aru-low
,FID4947,Plumbing & Sanitary,Basin / sink,Choked,More than 1 room,RMG > RH > 10 > Ward 1029,,2021-12-25 16:47:52,,,,,,,,,,,,,Basin choke -nazri-low
,FID4946,Plumbing & Sanitary,WC / Squatting Pedestal,Choked,More than 1 room,RMG > RSC > 2 > Male Toilet,,2021-12-25 15:39:10,,,,,,,,,,,,,Toilet bowl choke-V.Bala-low
,FID4944,Mechanical,AHU / FCU / CU,Too hot / Too cold,Localised to room,RMG > RH > 8 > Ward 850,,2021-12-25 14:53:27,2021-12-25 14:54:13,2021-12-25 14:54:35,2021-12-25 14:55:00,2021-12-25 14:55:24,2021-12-25 14:57:02,manually closed diffuser make it warm,,,,,,,"Aircon too cold, make it warm-V.bala-low"
,FID4943,Mechanical,AHU / FCU / CU,Too hot / Too cold,More than 1 room,RMG > RH > 1 > A&E Main Counter,,2021-12-25 14:39:35,2021-12-25 14:58:04,2021-12-25 14:58:31,2021-12-25 14:58:56,2021-12-25 14:59:21,2021-12-25 15:02:03,adjusted the temperature in bms setpoint 24to22 degree,,,,,,,"Aircon warm, make it cool-V.Bala-low"
,FID4942,Office and Furniture,Cabinet,Cannot open / close,More than 1 room,RMG > RH > 10 > Nursing Stn D,,2021-12-25 13:52:18,2021-12-25 14:29:36,2021-12-25 14:30:01,2021-12-25 14:30:27,2021-12-25 14:39:34,2021-12-25 14:42:04,inside paper dropped clear,,,,,,,Drawer cannot close-V.bala-low
,FID4936,Electrical,Light Bulb,Flickering / Blown,Localised to room,RMG > RH > 9 > Nursing Stn A,,2021-12-25 10:04:48,2021-12-25 10:11:44,2021-12-25 10:12:16,2021-12-25 10:12:45,2021-12-25 10:13:20,2021-12-25 10:14:22,Replaced new light bulb,,,,,,,Light flickering -A.Bala-low
,FID4932,Plumbing & Sanitary,Basin / sink,Choked,Localised to room,RMG > RSC > 1 > Male Toilet,,2021-12-25 07:56:05,2021-12-25 07:56:47,2021-12-25 07:57:13,2021-12-25 08:03:01,2021-12-25 08:03:34,2021-12-25 08:06:42,choke clearly,,,,,,,Toilet bowl choke-mani-low
,FID4931,Mechanical,AHU / FCU / CU,Too hot / Too cold,Localised to room,RMG > RH > 8 > Ward 850,,2021-12-25 07:48:39,,,,,,,,,,,,,Aircon make it warm -aru-low
,FID4930,Electrical,Light Bulb,Flickering / Blown,Localised to room,RMG > RH > 10 > Doctor's Lounge,,2021-12-24 19:55:50,2021-12-24 20:55:24,2021-12-24 20:55:53,2021-12-24 20:57:11,2021-12-24 20:58:37,2021-12-24 21:00:00,replaced new light bulb,,,,,,,Light flickering -A.Bala-low
,FID4925,Plumbing & Sanitary,Urinal,Choked,Localised to room,RMG > RSC > 1 > Male Toilet,,2021-12-24 16:13:18,2021-12-24 16:14:13,2021-12-24 16:14:37,2021-12-24 16:15:03,2021-12-24 16:15:45,2021-12-24 16:16:33,choke cleared,,,,,,,Urinal bowl choke-v.bala-low
,FID4923,Plumbing & Sanitary,Basin / sink,Leaking,Localised to room,RMG > RH > 9 > Ward 969 - 970,,2021-12-24 15:30:37,2021-12-24 17:06:04,2021-12-24 17:06:29,2021-12-24 17:06:54,2021-12-24 17:07:15,2021-12-24 17:08:00,Water leaking gun,,,,,,,Basin leaking-allan-low
,FID4922,Building,Wall Skirting,Misaligned / dangling,Localised to room,RMG > RH > 13 > Ward 1358-1363,,2021-12-24 15:13:41,,,,,,,,,,,,,Curtain dropped-nazri-low
,FID4916,Electrical,Light Bulb,Flickering / Blown,More than 1 room,RMG > RH > 12 > RHS RM 26,,2021-12-24 11:51:53,2021-12-24 11:52:35,2021-12-24 12:03:15,2021-12-24 12:11:31,2021-12-24 12:11:48,2021-12-24 12:12:52,replaced new bulb,,,,,,,Light flickering-Senthil-low
,FID4914,Mechanical,Auto Sliding Glass Door,Misaligned / dangling,More than 1 room,RMG > RH > 1 > A&E,,2021-12-24 11:33:28,2021-12-24 11:34:41,2021-12-24 12:13:42,2021-12-24 12:14:00,2021-12-24 12:14:24,2021-12-24 12:15:06,tighten screw,,,,,,,Auto door cover dropped-Senthil-low
,FID4913,Plumbing & Sanitary,Flush Button,Water flowing non-stop,More than 1 room,RMG > RH > 9 > Ward 901,,2021-12-24 11:10:04,2021-12-24 11:33:38,2021-12-24 11:33:59,2021-12-24 11:34:32,2021-12-24 11:34:53,2021-12-24 11:35:41,fix,,,,,,,Toilet flush water non stop-nazri-low
,FID4912,Electrical,Light Bulb,Flickering / Blown,More than 1 room,RMG > RH > 2 > RM@RH,,2021-12-24 11:05:32,2021-12-24 11:11:15,2021-12-24 11:12:00,2021-12-24 11:12:27,2021-12-24 11:14:16,2021-12-24 11:15:20,bulb replaced,,,,,,,Light fused-v.bala-low
,FID4911,Mechanical,AHU / FCU / CU,Too hot / Too cold,More than 1 room,RMG > RH > 8 > Delivery Suite 5,,2021-12-24 11:02:36,,,,,,,,,,,,,Aircon make warm-Isyamudin-low
,FID4910,Electrical,Light Bulb,Flickering / Blown,More than 1 room,RMG > RH > 1 > A&E Critical Care Counter,,2021-12-24 10:55:01,2021-12-24 10:56:34,2021-12-24 11:00:21,2021-12-24 11:00:58,2021-12-24 11:01:26,2021-12-24 11:01:56,replaced new bulb,,,,,,,Light fused-Senthil-low
,FID4907,Plumbing & Sanitary,WC / Squatting Pedestal,Damaged / Loose / Cracked,More than 1 room,RMG > RH > 7 > OT Male Channing Rm,,2021-12-24 10:07:56,2021-12-24 10:39:15,2021-12-24 10:39:39,2021-12-24 10:40:05,2021-12-24 10:42:06,2021-12-24 10:42:41,Replace new set,,,,,,,Toilet seat cover faulty-Nazri-low
,FID4906,Building,Door Bell,Unserviceable,More than 1 room,RMG > RH > 7 > CSSD,,2021-12-24 09:53:25,2021-12-24 10:00:51,2021-12-24 10:01:21,2021-12-24 10:04:04,2021-12-24 10:05:16,2021-12-24 10:06:13,replaced battery,,,,,,,Door bell not working-v.bala-low
,FID4904,Electrical,Light Bulb,Flickering / Blown,More than 1 room,RMG > RH > 10 > Doctor's Lounge,,2021-12-24 09:27:41,2021-12-24 09:43:29,2021-12-24 09:43:58,2021-12-24 09:44:30,2021-12-24 09:45:24,2021-12-24 09:45:59,done,,,,,,,light fused
,FID4894,Mechanical,BMS / BAS,Too hot / Too cold,Localised to room,RMG > RH > 7 > Operating Theatre 12,,2021-12-24 00:57:21,2021-12-24 00:58:20,2021-12-24 00:58:50,2021-12-24 00:59:25,2021-12-24 01:00:21,2021-12-24 01:01:09,adjusted the setpoint from bms from 28 to 22,,,,,,,satha low
,FID4893,Mechanical,BMS / BAS,Too hot / Too cold,Affecting Public,RMG > RH > 8 > Delivery Suite 3,,2021-12-24 00:55:49,2021-12-24 01:01:49,2021-12-24 01:02:36,2021-12-24 01:03:26,2021-12-24 01:05:51,2021-12-24 01:07:00,adjusted the temperature from 16 to 22,,,,,,,satha low
,FID4889,Medical Equipment,Fridges & Freezers,Other: Fridge not cold,Affecting Public,RMG > RH > 2 > Skin & Aesthetics Treatment Rm 7,,2021-12-23 17:01:55,,,,,,,,,,,,,Fridge not cold-Isyamudin-low
,FID4887,Office and Furniture,Wall Clock,Cannot operate / defective,Affecting Public,RMG > RH > 9 > Ward 969 - 970,,2021-12-23 17:00:07,2021-12-23 17:06:08,2021-12-23 17:06:58,2021-12-23 17:07:28,2021-12-23 17:11:07,2021-12-23 17:13:03,Replaced new battery,,,,,,,Wall clock not working-mani-low
,FID4886,Mechanical,AHU / FCU / CU,Too hot / Too cold,Affecting Public,RMG > RH > 13 > Ward 13,,2021-12-23 16:45:40,2021-12-23 16:46:31,2021-12-23 16:46:57,2021-12-23 16:47:16,2021-12-23 16:47:38,2021-12-23 16:49:09,Adjusted AHU 13-1 temperature setpoint from 20c to 16c in bms system make it cool. Cooling valve automatically increase from 0% to 17%,,,,,,,Aircon make it cool-Su-low
,FID4885,Medical Equipment,Medical Gas,Change Cylinders,Affecting Public,RMG > RH > 2 > Dental Clinic,,2021-12-23 16:44:24,2021-12-23 17:20:19,2021-12-23 17:23:53,2021-12-23 17:24:16,2021-12-23 17:24:38,2021-12-23 17:26:07,"Checked onsite, the nitrous oxide cylinder is different from what we have. Need to order. Under follow-up",,,,,,,Need 2x nitrous oxide cylinder-V.Bala-medium
,FID4880,Mechanical,AHU / FCU / CU,Too hot / Too cold,Affecting Public,RMG > RH > 13 > Ward 1328-1336,,2021-12-23 16:07:20,2021-12-23 16:07:45,2021-12-23 16:08:06,2021-12-23 16:08:28,2021-12-23 16:08:50,2021-12-23 16:18:39,Adjusted VAV 1-2-9 setpoint from 24c to 21c and VAV 1-2-10 setpoint from 24c to 20c in bms system make it cool.,,,,,,,Aircon make it cool-Su-low
,FID4877,Building,Filter,Choked,Affecting Public,RMG > RH > 7 > Operating Theatre 1 (Endoscopy),,2021-12-23 14:56:06,2021-12-23 18:54:03,2021-12-23 18:54:25,2021-12-23 18:54:48,2021-12-23 18:55:09,2021-12-23 18:55:54,Filter have Changed,,,,,,,Need to replace new filter-Allan-low
,FID4873,Office and Furniture,Cabinet,Misaligned / dangling,Affecting Public,RMG > RSC > 16 > Eye Centre Consult Rm 7,,2021-12-23 14:06:28,,,,,,,,,,,,,Cabinet door hinge loose -nazri-low
,FID4872,Electrical,Light Bulb,Other: Light cannot turn off,Localised to room,RMG > RH > 9 > Ward 978 - 979,,2021-12-23 14:04:03,2021-12-23 14:15:24,2021-12-23 14:22:40,2021-12-23 14:26:26,2021-12-23 14:27:01,2021-12-23 14:28:41,off the light,,,,,,,Bed head light cannot turn off-a.bala-low
,FID4870,Medical Equipment,Medical Gas,Alarm,Affecting Public,RMG > RH > 7 > Operating Theatre 6,,2021-12-23 13:26:07,,,,,,,,,,,,,AGSS pump not running-shanmu-high
,FID4867,Electrical,Light Bulb,Flickering / Blown,Localised to room,RMG > RH > 10 > Doctor's Lounge,,2021-12-23 12:37:44,2021-12-23 14:10:44,2021-12-23 14:11:12,2021-12-23 14:11:43,2021-12-23 14:12:16,2021-12-23 14:14:05,replaced new light bulb,,,,,,,Need to change bulb-A.Bala-low
,FID4866,Plumbing & Sanitary,Basin / sink,Choked,Affecting Public,RMG > RH > 7 > Handicap Toilet 1,,2021-12-23 12:22:00,,,,,,,,,,,,,Basin choke-nazri-low
,FID4865,Office and Furniture,TV,Cannot operate / defective,Localised to room,RMG > RH > 9 > Ward 920,,2021-12-23 12:20:45,2021-12-23 12:26:08,2021-12-23 12:26:39,2021-12-23 12:27:07,2021-12-23 12:28:03,2021-12-23 12:31:02,Tv power wire loose and normal back,,,,,,,TV not working-mani-low
,FID4864,Electrical,Light Bulb,Flickering / Blown,Affecting Public,RMG > RH > 9 > Ward 950,,2021-12-23 12:01:55,2021-12-23 12:08:30,2021-12-23 12:10:16,2021-12-23 12:12:13,2021-12-23 12:13:10,2021-12-23 12:15:55,replaced new light bulb,,,,,,,Light flickering-a.bala-low
,FID4861,Medical Equipment,Medical Gas,Change Cylinders,Localised to room,RMG > RH > 7 > OT,,2021-12-23 10:39:46,2021-12-23 11:46:14,2021-12-23 11:46:58,2021-12-23 11:47:32,2021-12-23 11:49:31,2021-12-23 11:50:44,replaced co2 cylinder big 1,,,,,,,Need 1 big CO2 cylinder-V.Bala-medium
,FID4860,Medical Equipment,Medical Gas,Change Cylinders,Localised to room,RMG > RH > 2 > Dental Surgery 10,,2021-12-23 10:38:34,,,,,,,,,,,,,Need to replace 2 big oxygen cylinder-nazri-medium
,FID4856,Medical Equipment,Medical Gas,Change Cylinders,Localised to room,RMG > RH > 7 > ESWL,,2021-12-23 09:57:24,2021-12-23 12:49:21,2021-12-23 12:49:41,2021-12-23 12:50:01,2021-12-23 12:50:22,2021-12-23 12:50:57,Work done,,,,,,,Need 1 big oxygen cylinder-Allan-medium
,FID4852,Electrical,Light Bulb,Flickering / Blown,Localised to room,RMG > RH > 12 > Women Centre,,2021-12-23 09:43:45,2021-12-23 09:47:48,2021-12-23 09:49:12,2021-12-23 09:50:24,2021-12-23 09:51:11,2021-12-23 09:52:41,replaced new light bulb,,,,,,,Light flickering -a.bala-low
,FID4851,Office and Furniture,Patient Bed,Cannot operate / defective,Localised to room,RMG > RSC > 13 > Surgical Ctr,,2021-12-23 09:41:24,2021-12-23 09:42:08,2021-12-23 09:44:31,2021-12-23 09:45:18,2021-12-23 09:49:04,2021-12-23 09:51:24,wire connection come out fixed back normal,,,,,,,Bed cannot adjust-v.bala-low
,FID4850,Mechanical,AHU / FCU / CU,Noisy,Affecting Public,RMG > RSC > 13 > Visitor Lift Lobby,,2021-12-23 09:40:15,,,,,,,,,,,,,Noise coming from the FCU-aru-low
,FID4849,Office and Furniture,Cabinet,Cannot open / close,Localised to room,RMG > RSC > 12 > Orthopaedic Ctr,,2021-12-23 09:37:29,2021-12-23 09:38:39,2021-12-23 09:39:09,2021-12-23 09:52:29,2021-12-23 09:53:23,2021-12-23 09:56:34,staff locker cannot open informed security use master key open,,,,,,,Staff locker cannot open-V.Bala-low
,FID4848,Electrical,Light Bulb,Flickering / Blown,Localised to room,RMG > RH > 2 > RM@RH Counter,,2021-12-23 09:34:58,2021-12-23 09:39:39,2021-12-23 09:40:08,2021-12-23 09:42:10,2021-12-23 09:43:15,2021-12-23 09:44:34,replaced new light bulb,,,,,,,No light-a.bala-low
,FID4839,Medical Equipment,Medical Gas,Alarm,More than 1 room,RMG > RH > 7M > Level 7M,,2021-12-23 08:36:14,2021-12-23 08:38:41,2021-12-23 08:39:08,2021-12-23 08:40:44,2021-12-23 08:43:12,2021-12-23 08:44:23,pumb trip then rest back to normal,,,,,,,AGSS pump not running-ilayaraja-high
,FID4838,Mechanical,AHU / FCU / CU,Too hot / Too cold,Localised to room,RMG > RH > 9 > Ward 920,,2021-12-23 03:14:52,2021-12-23 03:16:08,2021-12-23 03:16:30,2021-12-23 03:16:50,2021-12-23 03:17:31,2021-12-23 03:18:09,close diffuser for two rooms also,,,,,,,"920,917 aircon make warm -satha-low"
,FID4837,Mechanical,BMS / BAS,Too hot / Too cold,Localised to room,RMG > RH > 10 > Nursing Stn D,,2021-12-23 01:30:43,2021-12-23 01:43:56,2021-12-23 01:44:53,2021-12-23 01:45:43,2021-12-23 01:46:13,2021-12-23 01:47:10,adjusted setpoint temperature from bms,,,,,,,Aircon make warm-satha-low
,FID4831,Mechanical,AHU / FCU / CU,Too hot / Too cold,Localised to room,RMG > RH > 7 > Operating Theatre 11,,2021-12-22 17:25:18,2021-12-22 17:28:31,2021-12-22 17:28:51,2021-12-22 17:29:11,2021-12-22 17:29:32,2021-12-22 17:30:13,Adjusted the temperature setpoint from 28c to 20c and damper position from 100% auto to 0% manual in bms system make it cool,,,,,,,Aircon make it cool-su-low
,FID4830,Office and Furniture,Safe Box,Cannot open / close,Localised to room,RMG > RH > 9 > Ward 980 - 986,,2021-12-22 16:48:05,2021-12-22 22:05:48,2021-12-22 22:06:11,2021-12-22 22:06:34,2021-12-22 22:06:57,2021-12-22 22:07:30,Work done,,,,,,,Need to open patient locker -Allan-low
,FID4827,Mechanical,Lift & Escalators (Schindler),"Other: Lift door keep open and closeLift door keep open and close, for all levels",Whole Building,RMG > RH > All > Patient Lift 11,,2021-12-22 15:46:21,2021-12-23 09:15:40,2021-12-23 09:16:05,2021-12-23 09:16:24,2021-12-23 09:16:44,2021-12-23 09:17:36,schindler contractor check and lift normal back,,,,,,,"Lift door keep open and close, for all levels -mani-low"
,FID4825,Mechanical,AHU / FCU / CU,Too hot / Too cold,Localised to room,RMG > RH > 10 > Ward 1059,,2021-12-22 15:37:01,2021-12-22 15:42:04,2021-12-22 15:42:22,2021-12-22 15:42:40,2021-12-22 15:43:04,2021-12-22 15:47:48,Adjusted vav 1-1-17 temperature setpoint from 20c to 24c in bms system make it warm. damper position automatically reduce from 90% open to 20%.,,,,,,,"Aircon too cold, make it warm-su-low"
,FID4824,Building,Door Knob / Handle,Unable to open or close properly,Localised to room,RMG > RSC > 8 > Children Centre Consult Rm 3,,2021-12-22 15:35:14,2021-12-22 22:08:22,2021-12-22 22:09:02,2021-12-22 22:09:23,2021-12-22 22:09:45,2021-12-22 22:10:42,Need to change the lock now don’t have stock,,,,,,,Door handle loose-Allan-low
,FID4822,Medical Equipment,Fridges & Freezers,Other: fridge got smell,Localised to room,RMG > RH > 2 > Skin & Aesthetics Treatment Rm 7,,2021-12-22 15:30:17,2021-12-22 17:16:51,2021-12-22 17:17:17,2021-12-22 17:18:36,2021-12-22 17:19:59,2021-12-22 17:21:09,fridge smell clean retun back,,,,,,,Fridge got smell-Aru-low
,FID4816,Electrical,Light Bulb,Flickering / Blown,Affecting Public,RMG > RH > 2 > Passenger Lift Lobby,,2021-12-22 14:22:29,2021-12-23 09:18:37,2021-12-23 09:19:05,2021-12-23 09:19:29,2021-12-23 09:19:56,2021-12-23 09:21:00,Replaced new bulb,,,,,,,Light fused-mani-low
,FID4815,Electrical,Light Bulb,Flickering / Blown,Localised to room,RMG > RH > 2 > Dental Clinic,,2021-12-22 14:21:43,2021-12-23 09:45:24,2021-12-23 09:46:00,2021-12-23 09:46:27,2021-12-23 09:46:54,2021-12-23 09:49:03,Replaced new bulb,,,,,,,Signage light bulb fused-mani-low
,FID4814,Plumbing & Sanitary,Soap Dispenser,Other: Soap dispenser dropped,Localised to room,RMG > RH > 2 > Dental X-Ray,,2021-12-22 14:19:10,2021-12-23 10:45:16,2021-12-23 10:45:51,2021-12-23 10:46:39,2021-12-23 10:47:03,2021-12-23 10:48:18,Fixed back the soap dispenser on the wall,,,,,,,Soap dispenser dropped-Hossain-low
,FID4813,Office and Furniture,Cabinet,Other: Screw loose,Localised to room,RMG > RH > 7 > CSSD,,2021-12-22 14:18:19,2021-12-22 14:53:12,2021-12-22 14:53:32,2021-12-22 14:53:52,2021-12-22 14:54:14,2021-12-22 14:54:47,Yes done,,,,,,,Cabinet screw loose -allan-low
,FID4811,Building,Door Closer,Unable to open or close properly,Localised to room,RMG > RH > 8 > Delivery Suite 5,,2021-12-22 13:30:33,2021-12-22 13:40:47,2021-12-22 13:41:08,2021-12-22 13:41:27,2021-12-22 13:41:47,2021-12-22 13:42:17,Done already,,,,,,,Door cannot stay open-allan-low
,FID4809,Mechanical,AHU / FCU / CU,Too hot / Too cold,Localised to room,RMG > RH > 8 > Ward 817,,2021-12-22 13:28:11,2021-12-23 10:51:56,2021-12-23 10:52:20,2021-12-23 10:52:47,2021-12-23 10:53:13,2021-12-23 10:54:05,Adjusted the aircon temperature in bms system make it warm,,,,,,,Aircon make it warm-isyamudin-low
,FID4807,Office and Furniture,Wall Clock,Cannot operate / defective,Localised to room,RMG > RH > 8 > Ward 855,,2021-12-22 13:24:49,2021-12-23 10:55:03,2021-12-23 10:55:28,2021-12-23 10:55:52,2021-12-23 10:56:17,2021-12-23 10:56:50,Replaced new wall clock battery,,,,,,,Wall clock not working-Hossain-low
,FID4802,Electrical,Vending Machine,Other: Out of order,Affecting Public,RMG > RSC > 13 > Surgical Ctr,,2021-12-22 10:51:55,2021-12-23 10:57:36,2021-12-23 10:58:00,2021-12-23 10:58:26,2021-12-23 10:58:50,2021-12-23 10:59:51,Reset the machine power but still not working. Indicates failure list nozzle. Informed to Atlas vending vendor to check. Rectified,,,,,,,Coffee vending machine out of order-Hossain-low
,FID4801,Electrical,Vending Machine,Unserviceable,Localised to room,RMG > RH > 7 > Corridor,,2021-12-22 10:50:54,2021-12-22 11:07:13,2021-12-22 11:07:44,2021-12-22 11:08:34,2021-12-22 11:09:04,2021-12-22 11:14:15,Remove the cutlery box normal back,,,,,,,Chef-in-a-box vending machine cutlery stuck-mani-low
,FID4800,Electrical,Light Bulb,Flickering / Blown,Localised to room,RMG > RH > 7 > OT Clean Corridor,,2021-12-22 10:49:39,2021-12-22 11:22:09,2021-12-22 11:22:45,2021-12-22 11:24:37,2021-12-22 11:25:31,2021-12-22 11:37:43,Replaced new bulb 2 nos,,,,,,,Light flickering -mani-low
,FID4799,Office and Furniture,Safe Box,Cannot open / close,Localised to room,RMG > RH > 9 > Ward 980 - 986,,2021-12-22 10:48:29,2021-12-22 11:18:16,2021-12-22 11:18:40,2021-12-22 11:19:02,2021-12-22 11:19:26,2021-12-22 11:20:06,Done I have open,,,,,,,Patient locker need to open -allan-low
,FID4797,Medical Equipment,Medical Gas,Change Cylinders,Localised to room,RMG > RH > 7 > OT,,2021-12-22 10:35:24,2021-12-22 10:36:09,2021-12-22 10:36:34,2021-12-22 10:36:54,2021-12-22 10:37:13,2021-12-22 10:38:42,delivered one Co2 cylinder,,,,,,,Need one CO2 cylinder to be replaced- Shanmu-medium
,FID4791,Mechanical,AHU / FCU / CU,Too hot / Too cold,Localised to room,RMG > RH > 13 > Ward 1337-1343,,2021-12-22 09:31:35,2021-12-22 09:32:04,2021-12-22 09:32:28,2021-12-22 09:32:54,2021-12-22 09:33:35,2021-12-22 10:03:42,Adjusted ahu setpoint temperature.,,,,,,,Aircon make it cool-su-low
,FID4789,Mechanical,AHU / FCU / CU,Too hot / Too cold,Localised to room,RMG > RH > 8 > Ward 818,,2021-12-22 09:07:51,2021-12-23 11:01:00,2021-12-23 11:01:25,2021-12-23 11:01:50,2021-12-23 11:02:16,2021-12-23 11:02:55,Adjusted the temperature setpoint in bms system make it cool,,,,,,,"Aircon very warm, make it cool-isyamudin-low"
,FID4778,Electrical,Light Bulb,Flickering / Blown,More than 1 room,RMG > RH > 8 > Delivery Suite 6,,2021-12-22 08:44:54,2021-12-22 08:51:40,2021-12-22 08:52:24,2021-12-22 08:53:01,2021-12-22 08:53:48,2021-12-22 09:08:45,replaced new light bulb,,,,,,,Light fused-a.bala-low
,FID4777,Building,Door Frame,Misaligned / dangling,More than 1 room,RMG > RH > 9 > Business Centre Office 2,,2021-12-22 08:40:56,2021-12-22 08:43:13,2021-12-22 08:43:38,2021-12-22 08:44:06,2021-12-22 08:44:57,2021-12-22 08:45:52,door closer screw adjusted,,,,,,,Door hinge loose-v.bala-low
,FID4776,Electrical,Light Bulb,Flickering / Blown,More than 1 room,RMG > RH > 2 > Dental Clinic,,2021-12-22 08:37:51,2021-12-23 11:04:53,2021-12-23 11:05:18,2021-12-23 11:05:44,2021-12-23 11:06:10,2021-12-23 11:06:39,Replaced new light,,,,,,,Light fused -senthil-low
,FID4775,Plumbing & Sanitary,Urinal,Choked,More than 1 room,RMG > RSC > 2 > Male Toilet,,2021-12-22 08:28:39,2021-12-22 22:13:16,2021-12-22 22:13:44,2021-12-22 22:14:05,2021-12-22 22:14:27,2021-12-22 22:15:27,Work done,,,,,,,Urinal choke-Allan-low
,FID4772,Mechanical,AHU / FCU / CU,Too hot / Too cold,More than 1 room,RMG > RH > 8 > Ward 854,,2021-12-22 01:13:52,2021-12-22 01:14:31,2021-12-22 01:15:09,2021-12-22 01:15:31,2021-12-22 01:15:46,2021-12-22 01:17:47,adjusted the  aircon temprature make it cold,,,,,,,Aircon make it cold-a.bala-low
,FID4771,Mechanical,AHU / FCU / CU,Misaligned / dangling,More than 1 room,RMG > RH > 10 > Stn D Corridor,,2021-12-22 00:36:43,2021-12-22 00:38:27,2021-12-22 00:38:58,2021-12-22 00:39:20,2021-12-22 00:39:52,2021-12-22 00:40:28,fixed back,,,,,,,Diffuser dropped-v.bala-low
,FID4770,Electrical,Light Bulb,Flickering / Blown,Localised to room,RMG > RH > 9 > Corridor,,2021-12-21 22:24:35,2021-12-21 22:29:03,2021-12-21 22:29:56,2021-12-21 22:30:25,2021-12-21 22:30:49,2021-12-21 22:32:02,replaced new light bulb,,,,,,,Light fused -a.bala-low
,FID4769,Medical Equipment,Medical Gas,Change Cylinders,Localised to room,RMG > RH > 7 > OT,,2021-12-21 19:36:28,2021-12-23 11:07:26,2021-12-23 11:07:50,2021-12-23 11:08:16,2021-12-23 11:08:41,2021-12-23 11:09:14,Replaced 1 big CO2 cylinder,,,,,,,Need one big co2 cylinder-nazri-medium
,FID4768,Plumbing & Sanitary,Water Heater,Damaged / Loose / Cracked,Localised to room,RMG > RH > 7 > OT Tea Rm,,2021-12-21 19:33:50,2021-12-21 19:37:41,2021-12-21 19:45:06,2021-12-21 19:45:51,2021-12-21 19:46:47,2021-12-21 19:47:45,replace new tap no more leaking,,,,,,,Water dispenser hot water leaking-satha-low
,FID4765,Mechanical,AHU / FCU / CU,Too hot / Too cold,Localised to room,RMG > RSC > 12 > Rehab Con Rm 3,,2021-12-21 16:52:05,2021-12-23 11:10:10,2021-12-23 11:10:35,2021-12-23 11:11:01,2021-12-23 11:11:32,2021-12-23 11:12:59,Adjusted VAV 12-1-5 temperature setpoint from 24c to 21c and damper position set to 65% manually in bms system make it cool,,,,,,,Aircon make it cool-ilayaraja-low
,FID4763,Mechanical,AHU / FCU / CU,Too hot / Too cold,Localised to room,RMG > RH > 8 > Ward 818,,2021-12-21 16:48:55,2021-12-21 16:54:32,2021-12-21 16:55:10,2021-12-21 17:02:23,2021-12-21 17:05:28,2021-12-21 17:06:59,adjusted the thermostat not working . close diffuser for 70 percent .,,,,,,,Aircon make it cool-aru-low
,FID4762,Medical Equipment,Medical Gas,Change Cylinders,Localised to room,RMG > RH > 7 > OT,,2021-12-21 16:47:57,2021-12-21 17:02:23,2021-12-21 17:02:53,2021-12-21 17:04:43,2021-12-21 17:13:59,2021-12-21 17:15:22,replaced the new cylinder,,,,,,,Need to replace 1 big CO2 cylinder-ilayaraja-medium
,FID4761,Medical Equipment,Fridges & Freezers,Other: Fridge not cold,Localised to room,RMG > RH > 8 > Nursing Stn B,,2021-12-21 16:43:23,2021-12-21 16:56:07,2021-12-21 16:56:33,2021-12-21 16:56:58,2021-12-21 16:57:55,2021-12-21 16:59:19,replace battery,,,,,,,Medication fridge showing low and not cold-satha-low
,FID4760,Mechanical,AHU / FCU / CU,Too hot / Too cold,Localised to room,RMG > RSC > 12 > Rehab Con Rm 2,,2021-12-21 16:38:14,2021-12-21 16:45:16,2021-12-21 16:45:46,2021-12-21 16:46:10,2021-12-21 16:46:32,2021-12-21 17:28:40,Adjusted vav 12-1-6 temperature setpoint from 21c to 19c and damper position from auto (38%) to 60% manual in bms system make it cool,,,,,,,Aircon make it cool-su-low
,FID4759,Building,Door Stopper,Other: Door unable to stay open,Localised to room,RMG > RSC > 12 > Rehab Con Rm 2,,2021-12-21 16:36:52,2021-12-23 11:14:16,2021-12-23 11:14:41,2021-12-23 11:15:53,2021-12-23 11:16:25,2021-12-23 11:16:56,Repaired the door,,,,,,,Door unable to stay open -ming cai-low
,FID4758,Mechanical,AHU / FCU / CU,Too hot / Too cold,Localised to room,RMG > RH > 1 > A&E,,2021-12-21 16:35:48,2021-12-23 11:17:51,2021-12-23 11:18:16,2021-12-23 11:18:49,2021-12-23 11:19:14,2021-12-23 11:20:13,Adjusted FCU 1-10-1 temperature setpoint from 23c to 21c and cooling valve from 50% to 55% in bms system make it cool,,,,,,,Aircon make it cool-isyamudin-low
,FID4757,Mechanical,AHU / FCU / CU,Too hot / Too cold,Localised to room,RMG > RH > 7 > Operating Theatre 6,,2021-12-21 16:05:55,2021-12-21 16:06:21,2021-12-21 16:06:39,2021-12-21 16:06:57,2021-12-21 16:07:16,2021-12-21 16:09:55,Adjusted the temperature setpoint from 16c to 14c and heater to 0% manual in bms system make it cooler,,,,,,,Aircon make it cool-su-low
,FID4755,Electrical,Light Bulb,Other: Different colour,Affecting Public,RMG > RH > All > Passenger Lift 6,,2021-12-21 15:49:27,2021-12-23 10:32:53,2021-12-23 10:33:17,2021-12-23 10:33:56,2021-12-23 10:34:21,2021-12-23 10:36:55,Replaced to 840 light tube,,,,,,,"Need to replace the light in VL6, different colour -senthil-low"
,FID4754,Plumbing & Sanitary,Bidet spray / Hose,Leaking,Affecting Public,RMG > RH > 9 > Ward 960 - 961,,2021-12-21 15:42:56,2021-12-21 16:04:29,2021-12-21 16:05:37,2021-12-21 16:06:14,2021-12-21 16:14:46,2021-12-21 16:20:22,replaced the new hose & spray,,,,,,,Bidet spray faulty-ilayaraja-low
,FID4753,Mechanical,AHU / FCU / CU,Too hot / Too cold,Localised to room,RMG > RH > 1 > A&E,,2021-12-21 15:41:57,2021-12-21 15:43:28,2021-12-21 15:43:48,2021-12-21 15:44:07,2021-12-21 15:44:27,2021-12-21 15:50:19,Adjusted FCU 1-10-1 cooling valve from 40% to 50% in bms system make it cool. Temperature setpoint is 23c,,,,,,,Aircon make it cool-su-low
,FID4752,Electrical,Light Bulb,Flickering / Blown,More than 1 room,RMG > RH > 9 > Corridor,,2021-12-21 15:10:21,2021-12-21 15:31:38,2021-12-21 15:31:58,2021-12-21 15:32:22,2021-12-21 15:32:43,2021-12-21 15:33:16,Bulb change done,,,,,,,Light fused-allan-low
,FID4750,Mechanical,AHU / FCU / CU,Too hot / Too cold,Localised to room,RMG > RH > 7 > Operating Theatre 11,,2021-12-21 14:45:14,2021-12-21 14:49:10,2021-12-21 14:49:30,2021-12-21 14:49:51,2021-12-21 15:04:05,2021-12-21 15:11:29,Adjusted the temperature setpoint from 28c to 20c and heater from auto (100%) to 0% manual in bms system make it cool,,,,,,,Aircon make it cool-su-low
,FID4749,Medical Equipment,Fridges & Freezers,Other: Fridge not cold,Localised to room,RMG > RH > 8 > Nursing Stn B,,2021-12-21 14:43:13,2021-12-21 14:43:57,2021-12-21 14:44:28,2021-12-21 14:44:52,2021-12-21 14:46:00,2021-12-21 14:52:00,clear the ice reduce the setpoint checked compressor running normal,,,,,,,Medication fridge showing low and not cold-satha-low
,FID4744,Mechanical,AHU / FCU / CU,Too hot / Too cold,Localised to room,RMG > RH > 9 > Nursing Stn B,,2021-12-21 13:55:38,2021-12-23 11:21:03,2021-12-23 11:21:29,2021-12-23 11:21:55,2021-12-23 11:23:15,2021-12-23 11:24:41,"Checked onsite, there is airflow, but not so cold. So adjusted AHU 9-2 temperature setpoint from 20c to 18c in bms system make it cool",,,,,,,Aircon make it cool-isyamudin-low
,FID4743,Mechanical,AHU / FCU / CU,Too hot / Too cold,Localised to room,RMG > RH > 1 > Nuclear Med Office,,2021-12-21 13:54:47,2021-12-21 13:56:33,2021-12-21 13:56:53,2021-12-21 13:57:13,2021-12-21 13:57:33,2021-12-21 13:59:43,Adjusted AHU 1-5 temperature setpoint from 22.5c to 22c in bms system make it cool. Cooling valve increased from 63% to 73%.,,,,,,,Aircon make it cool-su-low
,FID4739,Office and Furniture,Wall Clock,Cannot operate / defective,Localised to room,RMG > RH > 13 > Ward 1337-1343 Nurse Station,,2021-12-21 13:08:04,2021-12-21 13:26:37,2021-12-21 13:26:57,2021-12-21 13:27:18,2021-12-21 13:27:40,2021-12-21 13:28:16,Change battery,,,,,,,Need to replace wall clock battery-allan-low
,FID4738,Office and Furniture,Wall Clock,Cannot operate / defective,Localised to room,RMG > RH > 13 > Ward 1328-1336 Nurse Station,,2021-12-21 13:06:59,2021-12-21 13:29:13,2021-12-21 13:29:40,2021-12-21 13:30:04,2021-12-21 13:30:29,2021-12-21 13:31:17,Change battery done,,,,,,,Need to replace wall clock battery-allan-low
,FID4736,Electrical,Light Bulb,Flickering / Blown,Localised to room,RMG > RH > 2 > RIPC Waiting Area,,2021-12-21 12:23:52,2021-12-23 11:25:35,2021-12-23 11:26:02,2021-12-23 11:27:17,2021-12-23 11:27:43,2021-12-23 11:28:11,Replaced new light,,,,,,,Need to change the ceiling light-Nazri-low
,FID4732,Medical Equipment,Medical Gas,Change Cylinders,Localised to room,RMG > RH > 1 > Level 1,,2021-12-21 11:32:47,2021-12-21 11:39:21,2021-12-21 11:42:35,2021-12-21 11:43:17,2021-12-21 11:43:39,2021-12-21 11:45:24,Delivered 5 nos O2 cylinders to facilities,,,,,,,Need to send 5 takeo oxygen cylinders for CC-shanmu-low
,FID4731,Office and Furniture,Wall Clock,Cannot operate / defective,Localised to room,RMG > RH > 8 > Ward 812,,2021-12-21 11:25:27,2021-12-23 11:29:08,2021-12-23 11:29:33,2021-12-23 11:29:58,2021-12-23 11:30:22,2021-12-23 11:31:25,Replaced new wall clock battery,,,,,,,Need to replace new wall clock battery-nazri-low
,FID4727,Plumbing & Sanitary,Urinal,Choked,Affecting Public,RMG > RSC > 2 > Male Toilet,,2021-12-21 09:55:28,2021-12-21 11:28:30,2021-12-21 11:29:02,2021-12-21 11:30:01,2021-12-21 11:30:56,2021-12-21 11:32:01,cleared the chock,,,,,,,Urinal choke-ilayaraja-low
,FID4717,Office and Furniture,Patient Bed,Cannot operate / defective,Localised to room,RMG > RH > 9 > Ward 973 - 975,,2021-12-21 09:27:12,2021-12-21 11:36:28,2021-12-21 11:37:03,2021-12-21 11:37:39,2021-12-21 11:39:24,2021-12-21 11:40:55,reset the power then back to normal,,,,,,,Bed not working-ilayaraja-low
,FID4708,Mechanical,AHU / FCU / CU,Too hot / Too cold,Localised to room,RMG > RH > 7 > Operating Theatre 8,,2021-12-21 08:57:28,2021-12-21 09:16:59,2021-12-21 09:17:35,2021-12-21 09:18:07,2021-12-21 09:20:56,2021-12-21 09:26:58,adjusted temperature in 23 degree,,,,,,,"Aircon too cold, make it warm-V.bala-low"
,FID4707,Office and Furniture,Wall Clock,Cannot operate / defective,Localised to room,RMG > RH > 13 > Ward 1328-1336 Nurse Station,,2021-12-21 08:26:49,2021-12-21 10:06:45,2021-12-21 10:07:18,2021-12-21 10:08:08,2021-12-21 10:08:47,2021-12-21 10:09:42,battery chain,,,,,,,Need to replace wall clock battery-alan-low
,FID4706,Mechanical,AHU / FCU / CU,Too hot / Too cold,Localised to room,RMG > RH > 10 > Nursing Stn C,,2021-12-21 08:06:54,2021-12-21 08:15:18,2021-12-21 08:15:47,2021-12-21 08:16:18,2021-12-21 08:18:20,2021-12-21 08:22:10,adjusted vav control in bms setpoint 24to22 make it cool,,,,,,,Aircon too warm-v.bala-low
,FID4705,Office and Furniture,Telephone,Cannot operate / defective,Localised to room,RMG > RH > 9 > Ward 919,,2021-12-21 08:02:43,2021-12-23 11:32:39,2021-12-23 11:33:03,2021-12-23 11:34:16,2021-12-23 11:34:41,2021-12-23 11:35:17,Adjusted the telephone connection,,,,,,,Telephone not working-v.bala-low
,FID4704,Electrical,Light Bulb,Tripped / Short-Circuit / Overloaded,Localised to room,RMG > RH > 7 > Day Surgery Corridor,,2021-12-21 07:58:58,2021-12-21 08:53:26,2021-12-21 08:55:01,2021-12-21 09:21:08,2021-12-21 09:21:49,2021-12-21 09:23:02,replaced new light bulb,,,,,,,Lights trip-abala-high
,FID4703,Electrical,Call System,Unserviceable,Localised to room,RMG > RH > 9 > Ward 978 - 979,,2021-12-21 07:51:33,2021-12-21 08:46:48,2021-12-21 08:47:24,2021-12-21 08:47:52,2021-12-21 08:48:28,2021-12-21 08:49:22,replaced new light bulb,,,,,,,Call bell keep ringing-abala-low
,FID4702,Building,Filter,Dirty / Odour,Localised to room,RMG > RH > 7 > CSSD,,2021-12-21 07:37:12,2021-12-21 07:38:04,2021-12-21 07:38:27,2021-12-21 07:38:48,2021-12-21 07:39:35,2021-12-21 07:40:10,replaced new filter,,,,,,,Need to change new filter-v.bala-low
,FID4701,Mechanical,AHU / FCU / CU,Too hot / Too cold,Localised to room,RMG > RH > 10 > Nursing Stn D,,2021-12-21 00:42:36,2021-12-21 00:43:49,2021-12-21 00:44:20,2021-12-21 00:44:44,2021-12-21 00:46:56,2021-12-21 00:47:40,adjusted vav control in bms setpoint 20to24 make it warm,,,,,,,"Aircon too cold, make it warm-v.bala-low"
,FID4699,Mechanical,BMS / BAS,Too hot / Too cold,Affecting Public,RMG > RH > 7 > Operating Theatre 11,,2021-12-20 18:51:10,2021-12-20 18:52:34,2021-12-20 18:52:57,2021-12-20 18:53:26,2021-12-20 18:53:52,2021-12-20 18:55:49,temprature setpoint at 26 degree heater manully 0 %  change to auto 100 %,,,,,,,"Aircon make it warm to 24, aircon too cool-satha-low"
,FID4698,Mechanical,AHU / FCU / CU,Leaking / Condensation,Affecting Public,RMG > RSC > 1 > Visitor Lift Lobby,,2021-12-20 18:42:36,2021-12-20 18:43:05,2021-12-20 18:43:27,2021-12-20 18:43:51,2021-12-20 18:45:24,2021-12-20 18:46:13,vaccume drain pipe and clear the choke,,,,,,,Water leaking from the ceiling aircon-satha-low
,FID4695,Plumbing & Sanitary,Basin / sink,Choked,Localised to room,RMG > RH > 12 > Raffles Health Screeners,,2021-12-20 17:57:02,2021-12-20 18:14:55,2021-12-20 18:15:23,2021-12-20 18:15:44,2021-12-20 18:16:10,2021-12-20 18:16:36,clear,,,,,,,Basin choke-ming cai-low
,FID4694,Mechanical,AHU / FCU / CU,Too hot / Too cold,Localised to room,RMG > RH > 10 > Nursing Stn D,,2021-12-20 17:48:00,2021-12-20 17:48:44,2021-12-20 17:49:11,2021-12-20 17:49:39,2021-12-20 17:50:23,2021-12-20 17:57:32,adjusted setpoint to 22 degree in bms,,,,,,,Aircon make it cool-satha-low
,FID4692,Electrical,Light Bulb,Flickering / Blown,More than 1 room,RMG > RH > 11 > MRO,,2021-12-20 16:58:31,2021-12-21 13:33:45,2021-12-21 13:34:07,2021-12-21 13:34:29,2021-12-21 13:35:05,2021-12-21 13:35:44,Bulb change done,,,,,,,Need to change the ceiling light-Allan-low
,FID4689,Mechanical,AHU / FCU / CU,Too hot / Too cold,More than 1 room,RMG > RH > 8 > Delivery Suite 3,,2021-12-20 15:58:56,2021-12-20 16:01:50,2021-12-20 16:02:53,2021-12-20 16:05:25,2021-12-20 16:05:44,2021-12-20 16:06:21,Adjust setpoint temperature.,,,,,,,Aircon need to make cool-Isyamudin-low
,FID4688,Mechanical,Mechanical Ventilation,Cannot Open or Close,More than 1 room,RMG > RH > 9 > Ward 973 - 975,,2021-12-20 15:28:17,2021-12-23 11:37:51,2021-12-23 11:38:39,2021-12-23 11:39:03,2021-12-23 11:39:40,2021-12-23 11:40:10,Repaired the bed,,,,,,,Bed cannot adjust up and down -ming cai-low
,FID4686,Electrical,Light Bulb,Flickering / Blown,More than 1 room,RMG > RH > 7 > Histo Data Rm,,2021-12-20 15:04:05,2021-12-21 13:36:44,2021-12-21 13:37:05,2021-12-21 13:37:28,2021-12-21 13:37:56,2021-12-21 13:38:26,Bulb change done,,,,,,,Need to replace the ceiling light-Allan-low
,FID4685,Mechanical,AHU / FCU / CU,Too hot / Too cold,More than 1 room,RMG > RH > 10 > Ward 1065,,2021-12-20 14:58:51,2021-12-20 15:06:51,2021-12-20 15:07:28,2021-12-20 15:10:44,2021-12-20 15:13:23,2021-12-20 15:15:43,adjested the setpoint & airflow from bms,,,,,,,"Aircon very cool, make it warm - ilayaraja-low"
,FID4680,Plumbing & Sanitary,Basin / sink,Choked,Localised to room,RMG > RH > 7 > Day Surgery Rm 13,,2021-12-20 12:49:38,2021-12-20 14:29:33,2021-12-20 14:29:52,2021-12-20 14:30:12,2021-12-20 14:30:53,2021-12-20 14:32:12,clear the chock,,,,,,,Basin choke -ming cai-low
,FID4677,Office and Furniture,Cabinet,Cannot open / close,Affecting Public,RMG > RH > 2 > Dental Surgery 3,,2021-12-20 11:45:39,2021-12-20 16:57:27,2021-12-20 16:57:51,2021-12-20 16:58:10,2021-12-20 16:58:39,2021-12-20 16:59:15,open the door,,,,,,,Drawer stuck-ming cai-low
,FID4675,Medical Equipment,Medical Gas,Change Cylinders,Localised to room,RMG > RH > 1 > Nuclear Medicine Centre,,2021-12-20 11:44:28,2021-12-20 11:57:21,2021-12-20 11:58:16,2021-12-20 12:03:03,2021-12-20 12:04:43,2021-12-20 12:06:23,replaced the new oxigen cylinder,,,,,,,Need to change 1 small oxygen cylinder for e-trolley-ilayaraja-medium
,FID4671,Plumbing & Sanitary,Soap Dispenser,Other: Relocation,Localised to room,RMG > RH > 1 > Unit #01-11 Retail Phamacy,,2021-12-20 11:01:00,2021-12-20 11:12:31,2021-12-20 11:12:52,2021-12-20 11:13:16,2021-12-20 11:28:45,2021-12-20 11:30:28,Move to the opposite side,,,,,,,Need to relocate hand towel dispenser -ming cai-low
,FID4670,Mechanical,AHU / FCU / CU,Too hot / Too cold,Localised to room,RMG > RH > 10 > Ward 1052,,2021-12-20 10:53:58,2021-12-20 11:43:13,2021-12-20 11:43:42,2021-12-20 11:44:46,2021-12-20 11:45:37,2021-12-20 11:47:24,adjusted the setpoint temperature to 24 degrees and position at 20 % opening .checked on site,,,,,,,Aircon make it warm -satha-low
,FID4668,Mechanical,Fire Extinguisher,Misaligned / dangling,Localised to room,RMG > RH > 11 > Bed Lift Lobby,,2021-12-20 10:20:48,2021-12-20 11:49:47,2021-12-20 11:50:27,2021-12-20 11:50:34,2021-12-20 11:50:40,2021-12-20 11:53:32,fixed back,,,,,,,Fire extinguisher dropped-Shanmu-low
,FID4667,Mechanical,Auto Sliding Glass Door,Misaligned / dangling,Localised to room,RMG > RSC > 11 > Fireman Lift Lobby,,2021-12-20 10:18:44,2021-12-20 10:25:04,2021-12-20 10:50:32,2021-12-20 10:52:58,2021-12-20 12:53:23,2021-12-23 11:36:35,Tighten the door & lock screw back to normal,,,,,,,"Need to check alignment of the EM door, EM lock not touching-ilayaraja-low"
,FID4666,Plumbing & Sanitary,WC / Squatting Pedestal,Choked,Localised to room,RMG > RH > 12 > RHS Male Toilet,,2021-12-20 10:14:42,2021-12-20 10:25:52,2021-12-20 10:47:22,2021-12-20 10:47:52,2021-12-20 10:48:17,2021-12-20 10:48:46,Cleared the choke,,,,,,,Toilet bowl choke-Allan-low
,FID4665,Electrical,Light Bulb,Flickering / Blown,Localised to room,RMG > RH > 11 > MRO,,2021-12-20 10:12:33,2021-12-23 10:29:25,2021-12-23 10:30:00,2021-12-23 10:30:35,2021-12-23 10:31:34,2021-12-23 10:32:05,Replaced new light,,,,,,,Light fused-Senthil-low
,FID4664,Electrical,Light Bulb,Flickering / Blown,Localised to room,RMG > RH > 11 > Room 1115 (CTU),,2021-12-20 10:11:37,2021-12-23 10:26:01,2021-12-23 10:26:26,2021-12-23 10:26:51,2021-12-23 10:27:17,2021-12-23 10:27:52,Replaced new light,,,,,,,Light fused-Senthil-low
,FID4660,Mechanical,AHU / FCU / CU,Too hot / Too cold,More than 1 room,RMG > RSC > 9 > Internal Med,,2021-12-20 09:22:34,2021-12-20 11:50:27,2021-12-20 11:50:49,2021-12-20 11:51:28,2021-12-20 11:51:58,2021-12-20 11:54:51,ddc failed restart back normal,,,,,,,Aircon very warm -satha-low
,FID4652,Mechanical,Lift & Escalators,System Shows fault / Error code,Localised to room,RMG > RSC > B1 > B1,,2021-12-20 08:46:35,2021-12-20 08:52:38,2021-12-20 08:53:24,2021-12-20 08:53:49,2021-12-20 08:54:28,2021-12-20 08:57:52,Reset normal back,,,,,,,"Escalator 05 not running, error code '4' -mani-low"
,FID4651,Medical Equipment,Mortuary Fridge & Freezers,Alarm,Localised to room,RMG > RSC > 11 > Radiology,,2021-12-20 08:42:02,2021-12-20 10:44:37,2021-12-20 10:45:01,2021-12-20 10:45:26,2021-12-20 10:46:05,2021-12-20 10:46:36,Replaced new battery for testo data logger,,,,,,,Testo data logger not working -aru-low
,FID4649,Mechanical,AHU / FCU / CU,Too hot / Too cold,Localised to room,RMG > RH > 10 > Nursing Stn D,,2021-12-20 08:33:07,2021-12-20 10:41:28,2021-12-20 10:41:54,2021-12-20 10:42:18,2021-12-20 10:43:02,2021-12-20 10:43:38,Adjusted the aircon temperature in bms system make it cool,,,,,,,Aircon make it cool -aru-low
,FID4648,Office and Furniture,TV,Cannot open / close,Localised to room,RMG > RH > 7 > Call Centre,,2021-12-20 08:12:39,2021-12-20 08:12:59,2021-12-20 08:13:19,2021-12-20 08:13:44,2021-12-20 08:14:05,2021-12-20 08:17:09,Replaced new battery,,,,,,,TV remote not working -mani -low
,FID4647,Medical Equipment,Medical Gas,Change Cylinders,Localised to room,RMG > RH > 1 > A&E,,2021-12-20 08:07:31,2021-12-20 10:38:26,2021-12-20 10:38:51,2021-12-20 10:39:14,2021-12-20 10:40:17,2021-12-20 10:40:55,Replaced new oxygen cylinder,,,,,,,Need to replace 2 big oxygen cylinder -aru-medium
,FID4645,Electrical,Light Bulb,Flickering / Blown,Localised to room,RMG > RH > 1 > A&E Waiting Area,,2021-12-20 07:38:27,2021-12-20 07:38:49,2021-12-20 07:39:32,2021-12-20 07:39:57,2021-12-20 07:40:26,2021-12-20 07:44:23,Replaced new bulb,,,,,,,Need to change bulb -mani-low
,FID4644,Electrical,Call System,Unserviceable,Localised to room,RMG > RH > 1 > A&E Bed 1 & 2,,2021-12-20 07:30:18,2021-12-20 07:30:51,2021-12-20 07:31:22,2021-12-20 07:31:58,2021-12-20 07:32:17,2021-12-20 07:35:24,call bell Reset normal back,,,,,,,Call bell not ringing-mani-low
,FID4639,Mechanical,AHU / FCU / CU,Too hot / Too cold,More than 1 room,RMG > RH > 10 > Ward 1065,,2021-12-19 18:29:02,2021-12-19 18:30:10,2021-12-19 18:30:54,2021-12-19 18:32:05,2021-12-19 18:34:08,2021-12-19 18:36:09,Bms adjuted the aircon temprature make it warm,,,,,,,Aircon make it warm-a.bala-low
,FID4637,Plumbing & Sanitary,Basin / sink,Choked,More than 1 room,RMG > RH > 10 > Ward 1061,,2021-12-19 18:13:36,2021-12-19 18:20:59,2021-12-19 18:22:49,2021-12-19 18:23:18,2021-12-19 18:24:29,2021-12-19 18:25:49,basin choke cleared,,,,,,,Basin choke-v.bala-low
,FID4635,Mechanical,Pneumatic Tube,System Shows fault / Error code,More than 1 room,RMG > RH > 2 > RM@RH Counter,,2021-12-19 17:03:06,2021-12-19 17:04:11,2021-12-19 17:04:38,2021-12-19 17:05:02,2021-12-19 17:05:26,2021-12-19 17:07:52,working normal test to send tube and recived back,,,,,,,Pneumatic tube system not working-satha-low
,FID4633,Office and Furniture,Chair,Cannot operate / defective,More than 1 room,RMG > RH > 10 > Nursing Stn D,,2021-12-19 16:38:37,2021-12-19 17:33:31,2021-12-19 17:34:00,2021-12-19 17:34:42,2021-12-19 17:35:52,2021-12-19 17:38:32,screw missing replaced new screw,,,,,,,Need to tighten screw-v.bala-low
,FID4632,Mechanical,AHU / FCU / CU,Too hot / Too cold,More than 1 room,RMG > RH > 10 > Nursing Stn C,,2021-12-19 16:15:01,2021-12-19 16:42:13,2021-12-19 16:42:39,2021-12-19 16:43:21,2021-12-19 17:39:37,2021-12-19 17:43:34,adjusted vav control in bms aircon make it cool,,,,,,,Aircon make it cool-v.bala-low
,FID4631,Building,Door Frame,Noisy,More than 1 room,RMG > RH > 8 > Ward 850,,2021-12-19 14:30:40,2021-12-19 16:05:17,2021-12-19 16:05:45,2021-12-19 16:06:10,2021-12-19 16:08:26,2021-12-19 16:10:00,door closer screw loose tighten back normal,,,,,,,Door very noisy-v.bala-low
,FID4627,Office and Furniture,Safe Box,Cannot open / close,More than 1 room,RMG > RH > 13 > Ward 1328-1336,,2021-12-19 11:57:43,2021-12-19 13:41:53,2021-12-19 13:42:44,2021-12-19 13:43:10,2021-12-19 13:43:42,2021-12-19 13:44:37,number locker cannot open master key use,,,,,,,Patient locker need to open-v.bala-low
,FID4625,Mechanical,AHU / FCU / CU,Too hot / Too cold,More than 1 room,RMG > RH > 13 > Ward 13,,2021-12-19 09:41:36,2021-12-20 10:50:43,2021-12-20 10:51:06,2021-12-20 10:51:32,2021-12-20 10:51:55,2021-12-20 10:52:39,Manually adjust the cooling valve onsite to make the aircon warm,,,,,,,"Aircon too cold, make it warm-isyamudin-low"
,FID4620,Mechanical,AHU / FCU / CU,Too hot / Too cold,Localised to room,RMG > RH > 13 > Ward 13,,2021-12-19 03:41:44,2021-12-19 04:01:14,2021-12-19 04:01:43,2021-12-19 04:03:29,2021-12-19 04:05:06,2021-12-19 04:06:33,setpoint adjust 24to 26 aircon make it warm,,,,,,,Aircon make it warm-aru-low
,FID4619,Mechanical,AHU / FCU / CU,Too hot / Too cold,Localised to room,RMG > RH > 13 > Ward 1328-1336,,2021-12-19 03:29:28,2021-12-19 03:30:06,2021-12-19 03:30:34,2021-12-19 03:31:31,2021-12-19 03:31:57,2021-12-19 03:37:29,adjusted the aircon temperature from 20c to 25c and damber from auto to 20% manual in bms system make it warm,,,,,,,Aircon make it warm-mani-low
,FID4617,Mechanical,AHU / FCU / CU,Airflow too strong / weak,Localised to room,"RMG > RH > 13 > Ward 1310-1318, RMG",,2021-12-18 22:37:52,2021-12-18 22:39:49,2021-12-18 22:40:16,2021-12-18 22:42:20,2021-12-18 22:44:01,2021-12-18 22:45:37,room setpoint adjust 24 to 26 aircon make it warm,,,,,,,Aircon make it warm -aru-low
,FID4616,Electrical,Light Bulb,Flickering / Blown,Localised to room,RMG > RH > 1 > A&E,,2021-12-18 21:59:05,2021-12-18 21:59:31,2021-12-18 22:00:04,2021-12-18 22:00:35,2021-12-18 22:04:55,2021-12-18 22:07:18,Replaced new bulb,,,,,,,Light fused-mani-low
,FID4615,Mechanical,AHU / FCU / CU,Too hot / Too cold,Localised to room,RMG > RH > 10 > Ward 1009,,2021-12-18 21:19:28,2021-12-20 10:35:05,2021-12-20 10:35:29,2021-12-20 10:35:54,2021-12-20 10:36:19,2021-12-20 10:37:30,Reduce the room vav damper position in bms system to make it warm,,,,,,,Aircon make it warm -aru-low
,FID4612,Office and Furniture,Safe Box,Cannot open / close,More than 1 room,RMG > RH > 13 > Ward 1328-1336 Nurse Station,,2021-12-18 20:20:30,2021-12-18 20:32:21,2021-12-18 20:32:49,2021-12-18 20:33:16,2021-12-18 20:35:17,2021-12-18 20:36:40,cabinet number locker cannot open master key use open,,,,,,,Patient locker cannot lock-v.bala-low
,FID4611,Plumbing & Sanitary,Basin / sink,Choked,More than 1 room,RMG > RH > 12 > Housekeeping Office,,2021-12-18 20:01:11,2021-12-18 20:37:23,2021-12-18 20:37:48,2021-12-18 20:38:11,2021-12-18 20:38:49,2021-12-18 20:39:26,choke clear,,,,,,,Basin choke-v.bala-low
,FID4608,Mechanical,AHU / FCU / CU,Too hot / Too cold,More than 1 room,RMG > RH > 13 > Ward 1328-1336,,2021-12-18 18:24:19,2021-12-18 18:25:01,2021-12-18 18:25:33,2021-12-18 18:26:03,2021-12-18 18:29:38,2021-12-18 19:04:29,adjusted vav control in bms make it warm,,,,,,,"Aircon too cold, make it warm-v.bala-low"
,FID4606,Mechanical,AHU / FCU / CU,Too hot / Too cold,More than 1 room,RMG > RH > 13 > Ward 1351-1357,,2021-12-18 17:12:16,2021-12-18 17:31:45,2021-12-18 17:32:12,2021-12-18 17:34:52,2021-12-18 17:37:06,2021-12-18 17:38:09,adjusted vav control in bms make it cool,,,,,,,"Aircon too cold, make it warm-v.bala-low"
,FID4603,Office and Furniture,TV,Cannot operate / defective,More than 1 room,RMG > RH > 10 > Ward 1007,,2021-12-18 14:27:49,2021-12-18 14:48:17,2021-12-18 14:48:41,2021-12-18 14:49:11,2021-12-18 14:49:33,2021-12-18 14:50:27,Power failure reset back to normal,,,,,,,TV not working-Senthil-low
,FID4601,Mechanical,AHU / FCU / CU,Too hot / Too cold,More than 1 room,RMG > RH > 13 > Ward 1337-1343,,2021-12-18 13:59:45,2021-12-18 14:00:15,2021-12-18 14:00:40,2021-12-18 14:00:51,2021-12-18 14:02:24,2021-12-18 14:03:37,adjusted the temprature aircon make it warm,,,,,,,Aircon make it warm-a.bala-low
,FID4600,Mechanical,AHU / FCU / CU,Too hot / Too cold,More than 1 room,RMG > RH > 10 > Nursing Stn C,,2021-12-18 13:35:55,2021-12-18 14:45:49,2021-12-18 14:46:29,2021-12-18 14:50:26,2021-12-18 14:51:25,2021-12-18 14:52:15,air,,,,,,,Aircon stuffy-nazri-low
,FID4598,Mechanical,AHU / FCU / CU,Other: Room pressure low,Localised to room,RMG > RH > 9 > Ward 954 (BMT),,2021-12-18 12:02:12,2021-12-20 10:31:49,2021-12-20 10:32:14,2021-12-20 10:32:38,2021-12-20 10:33:02,2021-12-20 10:33:47,Adjusted the temperature setpoint on the isolation room display panel from 21c to 19c,,,,,,,Room pressure low-nazri-low
,FID4597,Mechanical,AHU / FCU / CU,Too hot / Too cold,Localised to room,RMG > RH > 9 > Nursing Stn B,,2021-12-18 12:00:42,2021-12-18 12:33:40,2021-12-18 12:34:01,2021-12-18 12:34:29,2021-12-18 12:34:50,2021-12-18 12:38:31,Adjusted the aircon temperature make it warm,,,,,,,Aircon make it cool-satha-low
,FID4595,Mechanical,AHU / FCU / CU,Unserviceable,Localised to room,RMG > RH > 7 > Angio Suite,,2021-12-18 11:51:03,2021-12-20 10:28:08,2021-12-20 10:28:48,2021-12-20 10:29:16,2021-12-20 10:29:40,2021-12-20 10:30:18,Replaced new AAA battery for hygrometer,,,,,,,Hygrometer no battery-Allan-low
,FID4594,Mechanical,AHU / FCU / CU,Too hot / Too cold,Affecting Public,RMG > RH > 10 > Ward 1011,,2021-12-18 11:49:11,2021-12-18 12:41:12,2021-12-18 12:42:52,2021-12-18 12:45:44,2021-12-18 12:56:57,2021-12-18 12:57:34,Adjusted the room vav temperature setpoint and damper position in bms system,,,,,,,Aircon make it warm-ilayaraja-low
,FID4593,Office and Furniture,Wall Clock,Cannot operate / defective,Localised to room,RMG > RH > 13 > Ward 1345-1350,,2021-12-18 11:48:22,2021-12-18 15:16:41,2021-12-18 15:17:07,2021-12-18 15:17:40,2021-12-18 15:18:06,2021-12-18 15:18:53,Change Battery,,,,,,,Wall clock not working-Allan-low
,FID4592,Mechanical,AHU / FCU / CU,Too hot / Too cold,Affecting Public,RMG > RH > 13 > Ward 1351-1357,,2021-12-18 11:47:15,2021-12-18 12:23:05,2021-12-18 12:30:40,2021-12-18 12:31:04,2021-12-18 12:31:38,2021-12-18 12:32:42,Adjusted the room vav temperature setpoint in bms system make it warm,,,,,,,Aircon make it warm-satha-low
,FID4591,Mechanical,AHU / FCU / CU,Too hot / Too cold,Localised to room,RMG > RH > 13 > Ward 1345-1350,,2021-12-18 11:45:15,2021-12-18 12:07:21,2021-12-18 12:13:42,2021-12-18 12:19:12,2021-12-18 12:21:07,2021-12-18 12:22:16,Adjusted the aircon temperature for the room vav in bms system make it warm,,,,,,,Aircon make it warm-satha-low
,FID4590,Electrical,Light Bulb,Flickering / Blown,Localised to room,RMG > RH > 8 > Ward 851,,2021-12-18 11:27:46,2021-12-18 11:38:46,2021-12-18 11:39:38,2021-12-18 11:41:26,2021-12-18 11:42:43,2021-12-18 11:44:10,replaced new light bulb,,,,,,,Mirror light fused-nazri-low
,FID4589,Electrical,Light Bulb,Flickering / Blown,Localised to room,RMG > RH > 2 > RM@RH Counter,,2021-12-18 11:23:53,2021-12-18 11:36:19,2021-12-18 11:37:22,2021-12-18 11:49:41,2021-12-18 11:50:14,2021-12-18 11:51:39,replaced new light bulb,,,,,,,Light bulb fused -a.bala-low
,FID4587,Mechanical,AHU / FCU / CU,Too hot / Too cold,Localised to room,RMG > RH > 8 > Ward 852,,2021-12-18 10:30:14,2021-12-18 10:38:11,2021-12-18 11:07:19,2021-12-18 11:08:08,2021-12-18 11:08:38,2021-12-18 11:09:41,adjusted the cool8ng valve,,,,,,,Aircon too warm-nazri-low
,FID4582,Mechanical,Air Diffuser (supply/return),Airflow too strong / weak,Localised to room,RMG > RH > 7 > Operating Theatre 11,,2021-12-18 07:30:17,2021-12-18 07:31:16,2021-12-18 07:33:16,2021-12-18 07:34:15,2021-12-18 07:42:00,2021-12-18 07:43:29,close the valve to 50 % from 100 %,,,,,,,"satha , low"
,FID4581,Medical Equipment,Autoclave,Leaking,Localised to room,RMG > RH > 7 > CSSD,,2021-12-18 07:17:02,2021-12-18 07:18:56,2021-12-18 07:19:47,2021-12-18 07:38:10,2021-12-18 07:40:53,2021-12-18 07:44:45,cssd Autoclave 3 water  leaking from hose need to arrange the contrectar for replace the hose,,,,,,,"ilayaraja, medium"
,FID4580,Mechanical,AHU / FCU / CU,Airflow too strong / weak,More than 1 room,RMG > RH > 9 > Nursing Stn B,,2021-12-18 03:12:13,2021-12-18 03:14:07,2021-12-18 03:14:34,2021-12-18 03:15:01,2021-12-18 03:19:56,2021-12-18 03:21:41,checked setting on BMS motor running in 45 Hz reduce to 30 Hz and setpoint increased from 16 degree to 19 degree . checked on site back to normal,,,,,,,"satha , low"
,FID4578,Mechanical,Air Diffuser (supply/return),Too hot / Too cold,Localised to room,RMG > RH > 13 > Ward 1319-1327,,2021-12-17 22:44:10,2021-12-17 22:45:54,2021-12-17 22:46:25,2021-12-17 22:46:51,2021-12-17 22:55:36,2021-12-17 22:57:47,change to manual mode running normally . DDC no signal to run . need to inform Honeywell.,,,,,,,"satha , low"
,FID4572,Office and Furniture,Table,Misaligned / dangling,Localised to room,RMG > RH > 7 > Operating Theatre 10,,2021-12-17 17:52:10,2021-12-18 10:48:14,2021-12-18 10:48:34,2021-12-18 10:48:56,2021-12-18 10:49:58,2021-12-18 10:51:30,Fixed back the wheel,,,,,,,Hand table wheel come out-nazri-low
,FID4570,Mechanical,AHU / FCU / CU,Too hot / Too cold,Localised to room,RMG > RH > 7 > Operating Theatre 12,,2021-12-17 17:33:08,2021-12-18 09:43:13,2021-12-18 09:43:35,2021-12-18 09:43:58,2021-12-18 09:45:50,2021-12-18 09:46:36,Adjusted the aircon temperature from 23c to 18c and damper from auto to 0% manual in bms system make it cool,,,,,,,Aircon make it cool-Su-low
,FID4569,Plumbing & Sanitary,Basin / sink,No water,Affecting Public,RMG > RH > 7 > OR9&10 Scrub Rm,,2021-12-17 17:31:01,2021-12-18 10:43:55,2021-12-18 10:44:17,2021-12-18 10:44:41,2021-12-18 10:45:03,2021-12-18 10:47:23,"Checked on site, water coming out but, low pressure. Adjusted the valve, basin water back to normal",,,,,,,Scrub sink no water-nazri-low
,FID4568,Plumbing & Sanitary,Bidet spray / Hose,Leaking,Localised to room,RMG > RH > 9 > Ward 917,,2021-12-17 17:29:55,2021-12-18 10:21:47,2021-12-18 10:24:21,2021-12-18 10:24:52,2021-12-18 10:25:18,2021-12-18 10:25:58,replaced new bidet spray,,,,,,,Bidet spray leaking -nazri-low
,FID4566,Mechanical,AHU / FCU / CU,Too hot / Too cold,Localised to room,RMG > RH > 7 > Operating Theatre 12,,2021-12-17 16:06:04,2021-12-17 16:06:28,2021-12-17 16:06:47,2021-12-17 16:07:07,2021-12-17 16:07:55,2021-12-17 16:09:48,Adjusted the temperature setpoint from 23c to 18c in bms system make it cool. Heater automatically reduced from 65% to 14%.,,,,,,,Aircon make it cool-su-low
,FID4565,Electrical,Light Bulb,Flickering / Blown,Localised to room,RMG > RH > 1 > Concierge,,2021-12-17 15:31:26,2021-12-17 15:42:02,2021-12-17 15:42:32,2021-12-17 15:42:56,2021-12-17 15:44:28,2021-12-17 15:48:24,Replaced new bulb 2 nos,,,,,,,Light fused -mani-low
,FID4564,Electrical,Light Bulb,Misaligned / dangling,Localised to room,RMG > RH > 2 > Raffles Chinese Medicine Clinic,,2021-12-17 14:59:12,2021-12-17 15:00:46,2021-12-17 15:01:13,2021-12-17 15:01:55,2021-12-17 15:02:27,2021-12-17 15:06:56,Replaced new screw,,,,,,,Light fitting screw loose-mani-low
,FID4563,Mechanical,AHU / FCU / CU,Too hot / Too cold,More than 1 room,RMG > RH > 13 > Ward 13,,2021-12-17 14:24:54,2021-12-17 14:34:26,2021-12-17 14:34:50,2021-12-17 14:35:11,2021-12-17 14:35:31,2021-12-17 14:40:04,"Check on site ,Ahu 13-1 was on manual.,put back to auto mode..actuator upon checking not responding,.highlight to honeywell to follow up",,,,,,,"Aircon too cold whole ward, make it warm-Isyamudin-low"
,FID4562,Mechanical,AHU / FCU / CU,Too hot / Too cold,Localised to room,RMG > RH > 9 > Nursing Stn B,,2021-12-17 14:20:17,2021-12-17 15:28:24,2021-12-17 15:28:45,2021-12-17 15:36:01,2021-12-17 15:37:06,2021-12-17 15:38:08,vav tamber manually open,,,,,,,Aircon make it cool -Aru-low
,FID4561,Mechanical,AHU / FCU / CU,Too hot / Too cold,Localised to room,RMG > RH > 10 > Ward 1048,,2021-12-17 14:18:52,2021-12-17 14:20:55,2021-12-17 14:21:23,2021-12-17 14:21:43,2021-12-17 14:22:00,2021-12-17 14:23:07,Adjusted the vav 1-1-28 temperature setpoint from 24c to 22c and damper position from 5% manual to auto (56.3%) in bms system make it cool.,,,,,,,Aircon make it cool -Su-low
,FID4559,Mechanical,AHU / FCU / CU,Too hot / Too cold,Localised to room,RMG > RH > 2 > Skin & Aesthetics Consult Rm 6,,2021-12-17 14:04:30,2021-12-17 14:05:10,2021-12-17 14:05:28,2021-12-17 14:06:43,2021-12-17 14:07:01,2021-12-17 14:09:07,Adjusted vav 5-1-7 temperature setpoint from 22c to 24c and damper position from 50% manual to 30% in bms system make it warm.,,,,,,,"Aircon too cold, make it warm-Su-low"
,FID4558,Plumbing & Sanitary,Urinal,Choked,Localised to room,RMG > RSC > 2 > Male Toilet,,2021-12-17 14:03:12,2021-12-18 11:07:19,2021-12-18 11:07:39,2021-12-18 11:07:59,2021-12-18 11:08:30,2021-12-18 11:08:59,Cleared the urinal choke,,,,,,,Urinal bowl choke-v.bala-low
,FID4557,Building,Window,Unable to open or close properly,Localised to room,RMG > RH > 12 > RHS Female Toilet,,2021-12-17 14:01:21,2021-12-17 14:58:58,2021-12-17 15:41:09,2021-12-17 17:22:47,2021-12-17 17:23:10,2021-12-17 17:24:56,Put down the curtains,,,,,,,Window blind faulty - ming cai-low
,FID4553,Mechanical,AHU / FCU / CU,Too hot / Too cold,Localised to room,RMG > RH > 7 > ICU Rm 708,,2021-12-17 12:39:20,2021-12-17 13:07:09,2021-12-17 13:07:35,2021-12-17 13:08:44,2021-12-17 13:58:05,2021-12-17 13:58:43,Manually close the room vav damper,,,,,,,"aircon to cold ,make it warm -aru-low"
,FID4552,Electrical,Light Bulb,Flickering / Blown,Localised to room,RMG > RSC > 8 > ENT,,2021-12-17 11:40:01,2021-12-18 11:14:39,2021-12-18 11:15:01,2021-12-18 11:15:23,2021-12-18 11:16:13,2021-12-18 11:17:30,Need to purchase bulb. Will follow-up,,,,,,,Light fused-mani-low
,FID4551,Mechanical,Auto Sliding Glass Door,Cannot Open or Close,Localised to room,RMG > RSC > 13 > Link Bridge,,2021-12-17 11:05:06,2021-12-18 11:18:48,2021-12-18 11:19:10,2021-12-18 11:19:32,2021-12-18 11:19:54,2021-12-18 11:21:28,Unable to rectify the door issue. Engaged entre contractor to check. Work done,,,,,,,Door slam very loud and EM lock not touching-a.bala-low
,FID4550,Mechanical,Auto Sliding Glass Door,Other: EM lock not touching,Localised to room,RMG > RSC > 19 > Level 19,,2021-12-17 11:03:39,2021-12-18 10:57:56,2021-12-18 10:58:17,2021-12-18 10:58:37,2021-12-18 10:59:02,2021-12-18 11:03:38,"Adjusted the EM door alignment, EM lock working back to normal.",,,,,,,"Need to check alignment of the EM door, EM lock not touching-v.bala-low"
,FID4549,Office and Furniture,Cabinet,Cannot open / close,Localised to room,RMG > RH > 11 > Room 1107 (QM),,2021-12-17 11:00:31,2021-12-17 11:02:04,2021-12-17 11:38:49,2021-12-17 11:39:20,2021-12-17 11:40:02,2021-12-17 13:08:25,Change a new cabinet,,,,,,,Top-hanging cabinet cannot lock-ming cai-low
,FID4546,Medical Equipment,Medical Gas,Change Cylinders,Localised to room,RMG > RH > 7 > OT,,2021-12-17 10:34:26,2021-12-18 09:49:33,2021-12-18 09:49:54,2021-12-18 09:50:16,2021-12-18 09:50:41,2021-12-18 10:09:10,Replaced new cylinders,,,,,,,Need to replace 2 big CO2 cylinder-nazri-medium
,FID4545,Mechanical,AHU / FCU / CU,Too hot / Too cold,Localised to room,RMG > RH > 7 > Operating Theatre 8,,2021-12-17 10:32:28,2021-12-17 10:44:13,2021-12-17 10:44:33,2021-12-17 10:44:59,2021-12-17 10:45:23,2021-12-17 10:48:48,Adjusted the temperature setpoint from 25c to 18c and heater from 100% manual to auto (0%) in bms system make it cool.,,,,,,,Aircon make it cool -Su-low
,FID4544,Mechanical,AHU / FCU / CU,Too hot / Too cold,Localised to room,RMG > RH > 13 > Ward 1358-1363,,2021-12-17 10:30:46,2021-12-17 10:35:54,2021-12-17 10:38:17,2021-12-17 10:38:37,2021-12-17 10:38:55,2021-12-17 10:43:44,Adjusted the vav number 1-2-15 damper position from 20% to 5% and vav 1-2-16 temperature setpoint from 24c to 26c and damper from 20% to 5% in bms system make it warm,,,,,,,Aircon make it warm -su-low
,FID4543,Mechanical,AHU / FCU / CU,Too hot / Too cold,Localised to room,RMG > RH > 12 > REMC Counter,,2021-12-17 10:29:09,2021-12-17 11:05:17,2021-12-17 11:09:48,2021-12-17 11:10:32,2021-12-17 11:10:58,2021-12-17 11:12:57,aircon make it cool  colling valve adjust 40 to 60,,,,,,,Aircon make it cool -Aru-low
,FID4542,Building,Door Lock,Unable to open or close properly,Localised to room,RMG > RSC > 11 > Radiology,,2021-12-17 10:23:48,2021-12-17 12:49:36,2021-12-17 12:49:53,2021-12-17 13:02:55,2021-12-17 13:03:15,2021-12-17 15:05:49,open the lock,,,,,,,Door lock faulty -ming cai-low
,FID4539,Electrical,Call System,Unserviceable,Localised to room,RMG > RH > 7 > ICU Rm 705,,2021-12-17 10:17:24,2021-12-17 10:37:38,2021-12-17 10:39:37,2021-12-17 10:40:35,2021-12-17 10:41:32,2021-12-17 10:44:26,call bell rreset back to normal,,,,,,,Call bell not ringing-a.bala-low
,FID4537,Mechanical,AHU / FCU / CU,Too hot / Too cold,Affecting Public,RMG > RSC > 16 > Eye Centre Consult Rm 1,,2021-12-17 10:15:50,2021-12-17 11:06:59,2021-12-17 11:07:25,2021-12-17 11:08:43,2021-12-17 11:09:06,2021-12-17 11:12:29,Adjusted VAV 16-2-4 temperature setpoint to 24c and damper position to 20% manual in bms system,,,,,,,Aircon make it warm-ilayaraja-low
,FID4536,Electrical,Light Bulb,Flickering / Blown,Localised to room,RMG > RH > 12 > RHS Male Toilet,,2021-12-17 10:09:51,2021-12-17 10:49:39,2021-12-17 10:51:35,2021-12-17 10:52:47,2021-12-17 10:53:39,2021-12-17 10:54:31,replaced new light bulb,,,,,,,Ceiling light fused-a.bala-low
,FID4535,Office and Furniture,Safe Box,Cannot open / close,Localised to room,RMG > RH > 9 > Ward 980 - 986,,2021-12-17 10:06:57,2021-12-17 10:12:23,2021-12-17 11:52:21,2021-12-17 11:53:18,2021-12-17 11:56:28,2021-12-17 14:12:39,Cabinet drawer number lock cannot open. Used master key to open the cabinet drawer,,,,,,,Need to open patient safe drawer-v.bala-low
,FID4533,Electrical,Light Bulb,Flickering / Blown,Localised to room,RMG > RH > 2 > Skin & Aesthetics Treatment Rm 7,,2021-12-17 09:47:03,2021-12-17 10:12:04,2021-12-17 10:12:33,2021-12-17 10:13:01,2021-12-17 10:13:28,2021-12-17 10:24:13,"then just put 'Suspect dimmer switch problem. When dim light, light flickering.",,,,,,,Light flickering -mani-low
,FID4529,Mechanical,BMS / BAS,Too hot / Too cold,Localised to room,RMG > RH > 7 > Operating Theatre 8,,2021-12-17 07:22:13,2021-12-17 07:26:17,2021-12-17 07:26:47,2021-12-17 07:39:55,2021-12-17 07:40:23,2021-12-17 07:42:04,adjusted setpoint fot OT 8 from 18 to 25 degree and active heater,,,,,,,Aircon make it warm to 24c for paeds case-ilayaraja-low
,FID4528,Mechanical,AHU / FCU / CU,Too hot / Too cold,More than 1 room,RMG > RH > 9 > Nursing Stn B,,2021-12-17 07:18:42,2021-12-17 07:19:32,2021-12-17 07:22:51,2021-12-17 07:23:26,2021-12-17 07:25:19,2021-12-17 07:27:40,checked on BMS setpoint on 15 degree so increase setpoint to 16 degree,,,,,,,"Aircon make warm, very cool in all place -satha-low"
,FID4527,Mechanical,AHU / FCU / CU,Too hot / Too cold,More than 1 room,RMG > RH > 13 > Ward 1319-1327 Nurse Station,,2021-12-17 01:35:07,2021-12-17 01:36:41,2021-12-17 01:37:28,2021-12-17 01:38:08,2021-12-17 01:39:18,2021-12-17 01:41:27,setpoint temperature is in auto 24 degrees and vav opening position only 20 % . but still patient need to warm so adjusted VAV position to 10 %.,,,,,,,Aircon make it warm -satha-low
,FID4523,Mechanical,AHU / FCU / CU,Too hot / Too cold,Localised to room,RMG > RH > 10 > Ward 1011,,2021-12-16 18:47:27,2021-12-16 18:48:01,2021-12-16 18:48:42,2021-12-16 18:49:11,2021-12-16 18:49:37,2021-12-16 18:55:19,adjusted the temperature setpoint form 24c to 30c and heater form auto to 100% manual in bms system,,,,,,,Aircon make it warm -mani-low
,FID4518,Mechanical,AHU / FCU / CU,Too hot / Too cold,Localised to room,RMG > RH > 8 > Ward 852,,2021-12-16 16:09:08,2021-12-16 16:28:39,2021-12-16 17:08:02,2021-12-16 17:08:23,2021-12-16 17:08:44,2021-12-16 17:10:50,Check on-site ahu 8-1 actuator jam..highlighted honeywell to follow up.,,,,,,,Aircon make it cool-isyamudin-low
,FID4513,Plumbing & Sanitary,Soap Dispenser,Other: FIx new,Localised to room,RMG > RH > 8 > Labour Ward Counter,,2021-12-16 14:58:35,2021-12-16 15:05:24,2021-12-16 15:06:24,2021-12-16 15:07:48,2021-12-16 15:09:06,2021-12-16 15:10:03,work completed,,,,,,,Need to remove old hand rub dispenser and install new one -v.bala-low
,FID4512,Mechanical,AHU / FCU / CU,Too hot / Too cold,Localised to room,RMG > RSC > 10 > Heart Ctr Con Rm 5,,2021-12-16 14:57:11,2021-12-16 15:02:03,2021-12-16 15:02:23,2021-12-16 15:02:43,2021-12-16 15:03:07,2021-12-16 15:03:54,Adjusted VAV 10-1-17 temperature setpoint at 18c and damper from 85% manual to 95% manual in bms system make it cool slightly.,,,,,,,Aircon make it slightly cool-su-low
,FID4511,Mechanical,AHU / FCU / CU,Too hot / Too cold,Localised to room,RMG > RH > 7 > Operating Theatre 10,,2021-12-16 14:56:18,2021-12-16 14:59:16,2021-12-16 14:59:53,2021-12-16 15:00:27,2021-12-16 15:00:51,2021-12-16 15:01:31,Adjusted the temperature setpoint from 23c to 26c and heater from auto to 100% manual in bms system,,,,,,,Aircon make it warm-su-low
,FID4506,Plumbing & Sanitary,Tap,Leaking,Localised to room,RMG > RH > 7 > Clinical Lab,,2021-12-16 13:36:31,2021-12-16 13:47:26,2021-12-16 13:47:50,2021-12-16 13:48:14,2021-12-16 14:38:29,2021-12-16 17:45:29,Need to purchase new tap. Awaiting for parts.,,,,,,,Basin tap leaking-v.bala-low
,FID4505,Electrical,Call System,Other: Keep ringing,Affecting Public,RMG > RH > 7 > OT,,2021-12-16 13:35:17,2021-12-16 13:36:00,2021-12-16 13:48:23,2021-12-16 13:48:44,2021-12-16 13:49:08,2021-12-16 15:11:42,replaced spare faceplate,,,,,,,Call bell keep ringing non-stop-mani-low
,FID4504,Plumbing & Sanitary,Basin / sink,Leaking,Affecting Public,RMG > RH > 9 > Nursing Stn D,,2021-12-16 13:33:40,2021-12-16 13:35:18,2021-12-16 13:38:05,2021-12-16 14:40:41,2021-12-16 14:41:46,2021-12-16 15:14:01,onside checked no leaking,,,,,,,Water leaking from basin-v.bala-low
,FID4503,Electrical,Call System,Other: Keep ringing,Localised to room,RMG > RH > 7 > Day Surgery,,2021-12-16 13:31:33,2021-12-16 13:36:05,2021-12-16 13:50:12,2021-12-16 13:51:10,2021-12-16 13:51:59,2021-12-16 14:02:18,reset back to normal,,,,,,,Call bell keep ringing non stop-a.bala-low
,FID4502,Mechanical,AHU / FCU / CU,Too hot / Too cold,Localised to room,RMG > RH > 11 > Admin Office Corridor,,2021-12-16 13:16:01,2021-12-16 16:06:21,2021-12-16 16:06:43,2021-12-16 16:07:05,2021-12-16 16:07:46,2021-12-16 16:08:22,checked on site after adjust bms. ok,,,,,,,Aircon too cold-aru-low
,FID4500,Electrical,Light Bulb,Flickering / Blown,Localised to room,RMG > RH > 7 > Molecular Lab PCR Rm,,2021-12-16 12:07:48,2021-12-16 12:10:42,2021-12-16 12:11:13,2021-12-16 12:11:38,2021-12-16 12:12:14,2021-12-16 12:17:02,Replaced new bulb 5 nos,,,,,,,Need to replace fused bulb-mani-low
,FID4499,Building,Wall,Other: Photo frame,Localised to room,RMG > RH > 8 > Labour Ward Nursery,,2021-12-16 11:03:38,2021-12-16 15:18:08,2021-12-16 15:19:50,2021-12-16 15:23:47,2021-12-16 16:22:02,2021-12-16 16:22:26,,,,,,,,Photo frame dropped-isyamudin-low
,FID4496,Plumbing & Sanitary,WC / Squatting Pedestal,Water flowing non-stop,Localised to room,RMG > RH > 9 > Ward 980 - 986,,2021-12-16 10:44:16,2021-12-16 13:43:48,2021-12-16 13:44:11,2021-12-16 13:44:47,2021-12-16 13:45:10,2021-12-16 13:45:47,flushing head screw adjusted and settled,,,,,,,Toilet flush not working-v.bala-low
,FID4494,Mechanical,AHU / FCU / CU,Too hot / Too cold,Localised to room,RMG > RH > 10 > Nursing Stn D,,2021-12-16 10:42:57,2021-12-16 11:16:59,2021-12-16 11:17:49,2021-12-16 11:18:12,2021-12-16 11:18:37,2021-12-16 11:21:06,Check station D temperature ok.cant find anyone give the feedback,,,,,,,Aircon make it warm-a.bala.low
,FID4493,Plumbing & Sanitary,WC / Squatting Pedestal,Water flowing non-stop,Localised to room,RMG > RH > 13 > Ward 1358-1363 Nurse Station,,2021-12-16 10:40:39,2021-12-16 13:40:12,2021-12-16 13:40:36,2021-12-16 13:40:58,2021-12-16 13:41:38,2021-12-16 13:42:34,settled non stop flushing complaint,,,,,,,Toilet flushing non-stop-aru-low
,FID4492,Mechanical,AHU / FCU / CU,Too hot / Too cold,Affecting Public,RMG > RH > 2 > Skin & Aesthetics Consult Rm 6,,2021-12-16 10:36:53,2021-12-16 11:07:24,2021-12-16 11:07:49,2021-12-16 11:25:30,2021-12-16 11:25:53,2021-12-16 11:26:47,Adjusted vav 5-1-7 temperature setpoint from 20c to 22c and damper from auto to 50% manual in bms system make it warm,,,,,,,"Aircon too cold, make it warm-Su-low"
,FID4488,Building Security System,CCTV System,Disconnected,Localised to room,RMG > RH > 11 > Bed Lift Lobby,,2021-12-16 10:28:26,2021-12-16 10:31:15,2021-12-16 10:45:18,2021-12-16 10:45:45,2021-12-16 10:46:10,2021-12-16 11:00:18,Power Reset normal back,,,,,,,cctv camera not working mani -low
,FID4486,Mechanical,AHU / FCU / CU,Too hot / Too cold,Localised to room,RMG > RH > 7 > Operating Theatre 1 (Endoscopy),,2021-12-16 09:55:59,2021-12-16 10:04:53,2021-12-16 10:05:42,2021-12-16 10:06:43,2021-12-16 10:07:40,2021-12-16 10:08:28,Adjusted the temperature setpoint and heater to 0% manual in bms system,,,,,,,"Aircon make it cool, now showing 24c-Su-low"
,FID4485,Mechanical,AHU / FCU / CU,Too hot / Too cold,Affecting Public,RMG > RH > 7 > Operating Theatre 11,,2021-12-16 09:54:53,2021-12-16 10:00:25,2021-12-16 10:00:52,2021-12-16 10:01:17,2021-12-16 10:02:19,2021-12-16 10:03:04,Adjusted the temperature setpoint from 22c to 18c and heater from 100% manual to 0% manual in bms system,,,,,,,"Aircon make it cool to 18c, now showing 21c-Su-low"
,FID4484,Electrical,Light Bulb,Flickering / Blown,Localised to room,RMG > RH > 1 > Nuclear Medicine Centre,,2021-12-16 09:52:11,2021-12-16 10:05:06,2021-12-16 10:10:31,2021-12-16 10:10:55,2021-12-16 10:11:34,2021-12-16 10:12:10,replace new bulb,,,,,1,,Toilet light fused-a.bala-low
,FID4483,Mechanical,AHU / FCU / CU,Too hot / Too cold,Localised to room,RMG > RH > 2 > Skin & Aesthetics Treatment Rm 2,,2021-12-16 09:50:21,2021-12-16 09:56:55,2021-12-16 09:57:20,2021-12-16 09:57:43,2021-12-16 09:58:08,2021-12-16 09:59:09,Adjusted VAV 5-1-5 temperature setpoint from 22c to 20c and damper position from 21.2% (auto) to 70% manual in bms system,,,,,,,No aircon -Su-low
,FID4482,Medical Equipment,Medical Gas,Other: medical gas O2 terminal leaking,Localised to room,RMG > RH > 8 > Ward 850,,2021-12-16 09:31:26,2021-12-16 09:31:59,2021-12-16 09:32:20,2021-12-16 09:32:38,2021-12-16 09:32:42,2021-12-16 11:09:11,ACA contractor replaced new oxygen terminal and o-rings,,2021-12-16 09:33:37,,,,,medical gas O2 terminal leaking-Shanmu-medium
,FID4477,Mechanical,BMS / BAS,Noisy,More than 1 room,RMG > RH > 10 > Ward 1060,,2021-12-16 00:36:22,2021-12-16 00:40:18,2021-12-16 10:24:03,2021-12-16 10:24:26,2021-12-16 10:24:49,2021-12-16 10:26:06,Adjusted room vav temperature setpoint in bms system make it cool,,,,,,,Room aircon stuffy-v.bala-low
,FID4476,Office and Furniture,Wall Clock,Misaligned / dangling,Localised to room,RMG > RH > 8 > Ward 851,,2021-12-15 21:57:39,2021-12-15 21:58:46,2021-12-16 10:21:50,2021-12-16 10:22:32,2021-12-16 10:22:54,2021-12-16 10:23:24,Removed the wall clock as per request,,,,,,,Request to remove wall clock-v.bala-low
,FID4474,Plumbing & Sanitary,WC / Squatting Pedestal,Choked,Localised to room,RMG > RH > 7 > OT Female Changing Rm,,2021-12-15 20:04:04,2021-12-15 20:06:48,2021-12-15 20:07:25,2021-12-15 20:07:54,2021-12-15 20:08:49,2021-12-15 20:20:38,bowl choke unable to clear,,,,,,,Toilet bowl choke-ilayaraja-medium
,FID4472,Building,Door Stopper,Unable to open or close properly,Localised to room,RMG > RH > 10 > Ward 1063,,2021-12-15 18:14:38,2021-12-15 18:21:35,2021-12-15 18:30:33,2021-12-15 18:34:17,2021-12-15 18:34:56,2021-12-15 18:36:06,screw loose tighten back to normal .,,,,,,,Need to fix door stopper-ilayaraja-low
,FID4470,Electrical,Light Bulb,Flickering / Blown,Localised to room,RMG > RH > 12 > Women Centre,,2021-12-15 18:08:41,2021-12-15 18:09:24,2021-12-15 18:20:52,2021-12-15 18:24:49,2021-12-15 18:25:19,2021-12-15 18:26:03,replaced new bulb 840/36W with starter.,,,,,,,Light flickering-Senthil-low
,FID4466,Plumbing & Sanitary,Shower Fittings,Leaking,Localised to room,RMG > RH > 10 > Ward 1007,,2021-12-15 15:33:54,2021-12-15 15:55:26,2021-12-15 15:55:55,2021-12-15 15:56:25,2021-12-15 15:56:52,2021-12-15 15:59:13,Close the valve,,,,,,,Shower head water leaking-Ming cai-low
,FID4464,Electrical,Light Bulb,Flickering / Blown,Localised to room,RMG > RH > 11 > Office Pantry,,2021-12-15 14:42:13,2021-12-15 14:42:45,2021-12-15 15:07:38,2021-12-15 15:08:05,2021-12-15 15:09:14,2021-12-15 15:13:49,Replaced new bulb,,,,,,,Need to change light bulb-mani-low
,FID4463,Mechanical,AHU / FCU / CU,Tripped / Short-Circuit / Overloaded,More than 1 room,RMG > RH > 11 > Facilities Dept.,,2021-12-15 14:32:27,2021-12-15 14:32:52,2021-12-15 14:33:13,2021-12-15 14:33:31,2021-12-15 14:33:54,2021-12-15 16:00:24,checked on site airflow  normal . Ahu running normal. no trip. cooling valve not control by BMS in auto mode. inform Honeywell to check .,,,,,,,"Aircon very warm, AHU 11,2 not working -satha-low"
,FID4460,Plumbing & Sanitary,Basin / sink,Choked,Affecting Public,RMG > RH > 7 > Day Surgery,,2021-12-15 13:19:10,2021-12-15 14:46:01,2021-12-15 14:46:25,2021-12-15 14:46:46,2021-12-15 14:47:08,2021-12-15 14:47:36,Cleared the basin choke,,,,,,,Basin choke -nazri-low
,FID4458,Electrical,Call System,Other: Alarm,Localised to room,RMG > RH > 7 > OT,,2021-12-15 12:02:15,2021-12-15 12:06:49,2021-12-15 12:12:40,2021-12-15 12:12:58,2021-12-15 12:13:16,2021-12-15 12:20:59,Reset the call bell back to normal.,,,,,,,Call bell keep alarming -mani-low
,FID4457,Mechanical,AHU / FCU / CU,Too hot / Too cold,Localised to room,RMG > RH > 10 > Ward 1076 -1079 (4 Bed),,2021-12-15 11:59:05,2021-12-15 12:02:42,2021-12-15 12:03:23,2021-12-15 12:03:43,2021-12-15 12:04:03,2021-12-15 12:08:42,Adjusted VAV 1-2-3 temperature setpoint from 20c to 24c in bms system make it warm. Damper automatically close from 90% to 20%.,,,,,,,Aircon make it warm -su-low
,FID4456,Medical Equipment,Medical Gas,Other: CO2 cylinder,Localised to room,RMG > RH > 7 > OT,,2021-12-15 11:47:14,2021-12-15 11:52:07,2021-12-15 12:09:06,2021-12-15 12:10:17,2021-12-15 12:10:39,2021-12-15 12:11:06,delivered cylinder,,,,,,,Need to replace 2 big CO2 cylinder -mingcai-medium
